TimeQuest Timing Analyzer report for Ejercicio11
Fri Sep 25 12:54:19 2026
Quartus II 64-Bit Version 13.1.0 Build 162 10/23/2013 SJ Web Edition


---------------------
; Table of Contents ;
---------------------
  1. Legal Notice
  2. TimeQuest Timing Analyzer Summary
  3. Parallel Compilation
  4. Clocks
  5. Slow 1100mV 85C Model Fmax Summary
  6. Timing Closure Recommendations
  7. Slow 1100mV 85C Model Setup Summary
  8. Slow 1100mV 85C Model Hold Summary
  9. Slow 1100mV 85C Model Recovery Summary
 10. Slow 1100mV 85C Model Removal Summary
 11. Slow 1100mV 85C Model Minimum Pulse Width Summary
 12. Propagation Delay
 13. Minimum Propagation Delay
 14. Slow 1100mV 85C Model Metastability Report
 15. Slow 1100mV 0C Model Fmax Summary
 16. Slow 1100mV 0C Model Setup Summary
 17. Slow 1100mV 0C Model Hold Summary
 18. Slow 1100mV 0C Model Recovery Summary
 19. Slow 1100mV 0C Model Removal Summary
 20. Slow 1100mV 0C Model Minimum Pulse Width Summary
 21. Propagation Delay
 22. Minimum Propagation Delay
 23. Slow 1100mV 0C Model Metastability Report
 24. Fast 1100mV 85C Model Setup Summary
 25. Fast 1100mV 85C Model Hold Summary
 26. Fast 1100mV 85C Model Recovery Summary
 27. Fast 1100mV 85C Model Removal Summary
 28. Fast 1100mV 85C Model Minimum Pulse Width Summary
 29. Propagation Delay
 30. Minimum Propagation Delay
 31. Fast 1100mV 85C Model Metastability Report
 32. Fast 1100mV 0C Model Setup Summary
 33. Fast 1100mV 0C Model Hold Summary
 34. Fast 1100mV 0C Model Recovery Summary
 35. Fast 1100mV 0C Model Removal Summary
 36. Fast 1100mV 0C Model Minimum Pulse Width Summary
 37. Propagation Delay
 38. Minimum Propagation Delay
 39. Fast 1100mV 0C Model Metastability Report
 40. Multicorner Timing Analysis Summary
 41. Propagation Delay
 42. Minimum Propagation Delay
 43. Board Trace Model Assignments
 44. Input Transition Times
 45. Signal Integrity Metrics (Slow 1100mv 0c Model)
 46. Signal Integrity Metrics (Slow 1100mv 85c Model)
 47. Signal Integrity Metrics (Fast 1100mv 0c Model)
 48. Signal Integrity Metrics (Fast 1100mv 85c Model)
 49. Clock Transfers
 50. Report TCCS
 51. Report RSKM
 52. Unconstrained Paths
 53. TimeQuest Timing Analyzer Messages



----------------
; Legal Notice ;
----------------
Copyright (C) 1991-2013 Altera Corporation
Your use of Altera Corporation's design tools, logic functions 
and other software and tools, and its AMPP partner logic 
functions, and any output files from any of the foregoing 
(including device programming or simulation files), and any 
associated documentation or information are expressly subject 
to the terms and conditions of the Altera Program License 
Subscription Agreement, Altera MegaCore Function License 
Agreement, or other applicable license agreement, including, 
without limitation, that your use is for the sole purpose of 
programming logic devices manufactured by Altera and sold by 
Altera or its authorized distributors.  Please refer to the 
applicable agreement for further details.



+-------------------------------------------------------------------------+
; TimeQuest Timing Analyzer Summary                                       ;
+--------------------+----------------------------------------------------+
; Quartus II Version ; Version 13.1.0 Build 162 10/23/2013 SJ Web Edition ;
; Revision Name      ; Ejercicio11                                        ;
; Device Family      ; Cyclone V                                          ;
; Device Name        ; 5CEBA4F23C7                                        ;
; Timing Models      ; Final                                              ;
; Delay Model        ; Combined                                           ;
; Rise/Fall Delays   ; Enabled                                            ;
+--------------------+----------------------------------------------------+


Parallel compilation was disabled, but you have multiple processors available. Enable parallel compilation to reduce compilation time.
+-------------------------------------+
; Parallel Compilation                ;
+----------------------------+--------+
; Processors                 ; Number ;
+----------------------------+--------+
; Number detected on machine ; 12     ;
; Maximum allowed            ; 1      ;
+----------------------------+--------+


----------
; Clocks ;
----------
No clocks to report.


--------------------------------------
; Slow 1100mV 85C Model Fmax Summary ;
--------------------------------------
No paths to report.


----------------------------------
; Timing Closure Recommendations ;
----------------------------------
HTML report is unavailable in plain text report export.


---------------------------------------
; Slow 1100mV 85C Model Setup Summary ;
---------------------------------------
No paths to report.


--------------------------------------
; Slow 1100mV 85C Model Hold Summary ;
--------------------------------------
No paths to report.


------------------------------------------
; Slow 1100mV 85C Model Recovery Summary ;
------------------------------------------
No paths to report.


-----------------------------------------
; Slow 1100mV 85C Model Removal Summary ;
-----------------------------------------
No paths to report.


-----------------------------------------------------
; Slow 1100mV 85C Model Minimum Pulse Width Summary ;
-----------------------------------------------------
No paths to report.


+-------------------------------------------------------------+
; Propagation Delay                                           ;
+------------+--------------+--------+-------+--------+-------+
; Input Port ; Output Port  ; RR     ; RF    ; FR     ; FF    ;
+------------+--------------+--------+-------+--------+-------+
; iSelect[0] ; oDisplay1[1] ;        ; 8.243 ; 8.463  ;       ;
; iSelect[0] ; oDisplay1[2] ;        ; 8.248 ; 8.466  ;       ;
; iSelect[0] ; oDisplay1[5] ;        ; 8.391 ; 8.673  ;       ;
; iSelect[0] ; oDisplay1[6] ;        ; 8.566 ; 8.788  ;       ;
; iSelect[0] ; oDisplay2[1] ; 8.404  ;       ;        ; 8.277 ;
; iSelect[0] ; oDisplay2[2] ; 8.435  ;       ;        ; 8.292 ;
; iSelect[0] ; oDisplay2[5] ; 8.688  ;       ;        ; 8.492 ;
; iSelect[0] ; oDisplay2[6] ; 8.753  ;       ;        ; 8.650 ;
; iSelect[0] ; oDisplay3[1] ;        ; 8.372 ; 8.719  ;       ;
; iSelect[0] ; oDisplay3[2] ;        ; 8.134 ; 8.490  ;       ;
; iSelect[0] ; oDisplay3[5] ;        ; 8.393 ; 8.832  ;       ;
; iSelect[0] ; oDisplay3[6] ;        ; 8.168 ; 8.526  ;       ;
; iSelect[0] ; oDisplay4[1] ; 8.696  ;       ;        ; 8.414 ;
; iSelect[0] ; oDisplay4[2] ; 9.115  ;       ;        ; 8.717 ;
; iSelect[0] ; oDisplay4[5] ; 9.004  ;       ;        ; 8.669 ;
; iSelect[0] ; oDisplay4[6] ; 8.995  ;       ;        ; 8.670 ;
; iSelect[0] ; oDisplay5[1] ;        ; 8.460 ; 8.950  ;       ;
; iSelect[0] ; oDisplay5[2] ;        ; 8.273 ; 8.711  ;       ;
; iSelect[0] ; oDisplay5[5] ;        ; 7.758 ; 8.024  ;       ;
; iSelect[0] ; oDisplay5[6] ;        ; 7.497 ; 7.719  ;       ;
; iSelect[0] ; oDisplay6[1] ; 7.996  ;       ;        ; 7.969 ;
; iSelect[0] ; oDisplay6[2] ; 8.320  ;       ;        ; 8.182 ;
; iSelect[0] ; oDisplay6[5] ; 10.319 ;       ;        ; 9.868 ;
; iSelect[0] ; oDisplay6[6] ; 8.362  ;       ;        ; 8.214 ;
; iSelect[1] ; oDisplay1[1] ; 8.192  ;       ;        ; 8.202 ;
; iSelect[1] ; oDisplay1[2] ; 8.195  ;       ;        ; 8.207 ;
; iSelect[1] ; oDisplay1[5] ; 8.402  ;       ;        ; 8.350 ;
; iSelect[1] ; oDisplay1[6] ; 8.517  ;       ;        ; 8.525 ;
; iSelect[1] ; oDisplay2[1] ;        ; 8.006 ; 8.360  ;       ;
; iSelect[1] ; oDisplay2[2] ;        ; 8.021 ; 8.391  ;       ;
; iSelect[1] ; oDisplay2[5] ;        ; 8.221 ; 8.644  ;       ;
; iSelect[1] ; oDisplay2[6] ;        ; 8.379 ; 8.709  ;       ;
; iSelect[1] ; oDisplay3[1] ;        ; 8.226 ; 8.562  ;       ;
; iSelect[1] ; oDisplay3[2] ;        ; 7.988 ; 8.333  ;       ;
; iSelect[1] ; oDisplay3[5] ;        ; 8.247 ; 8.675  ;       ;
; iSelect[1] ; oDisplay3[6] ;        ; 8.022 ; 8.369  ;       ;
; iSelect[1] ; oDisplay4[1] ; 8.540  ;       ;        ; 8.248 ;
; iSelect[1] ; oDisplay4[2] ; 8.959  ;       ;        ; 8.551 ;
; iSelect[1] ; oDisplay4[5] ; 8.848  ;       ;        ; 8.503 ;
; iSelect[1] ; oDisplay4[6] ; 8.839  ;       ;        ; 8.504 ;
; iSelect[1] ; oDisplay5[1] ; 8.681  ;       ;        ; 8.416 ;
; iSelect[1] ; oDisplay5[2] ; 8.442  ;       ;        ; 8.229 ;
; iSelect[1] ; oDisplay5[5] ; 7.755  ;       ;        ; 7.714 ;
; iSelect[1] ; oDisplay5[6] ; 7.450  ;       ;        ; 7.453 ;
; iSelect[1] ; oDisplay6[1] ;        ; 7.700 ; 7.949  ;       ;
; iSelect[1] ; oDisplay6[2] ;        ; 7.913 ; 8.273  ;       ;
; iSelect[1] ; oDisplay6[5] ;        ; 9.599 ; 10.272 ;       ;
; iSelect[1] ; oDisplay6[6] ;        ; 7.945 ; 8.315  ;       ;
; iSelect[2] ; oDisplay1[1] ; 8.151  ;       ;        ; 8.249 ;
; iSelect[2] ; oDisplay1[2] ; 8.154  ;       ;        ; 8.254 ;
; iSelect[2] ; oDisplay1[5] ; 8.361  ;       ;        ; 8.397 ;
; iSelect[2] ; oDisplay1[6] ; 8.476  ;       ;        ; 8.572 ;
; iSelect[2] ; oDisplay2[1] ; 8.216  ;       ;        ; 8.167 ;
; iSelect[2] ; oDisplay2[2] ; 8.247  ;       ;        ; 8.182 ;
; iSelect[2] ; oDisplay2[5] ; 8.500  ;       ;        ; 8.382 ;
; iSelect[2] ; oDisplay2[6] ; 8.565  ;       ;        ; 8.540 ;
; iSelect[2] ; oDisplay3[1] ; 8.406  ;       ;        ; 8.377 ;
; iSelect[2] ; oDisplay3[2] ; 8.177  ;       ;        ; 8.139 ;
; iSelect[2] ; oDisplay3[5] ; 8.519  ;       ;        ; 8.398 ;
; iSelect[2] ; oDisplay3[6] ; 8.213  ;       ;        ; 8.173 ;
; iSelect[2] ; oDisplay4[1] ;        ; 8.084 ; 8.706  ;       ;
; iSelect[2] ; oDisplay4[2] ;        ; 8.387 ; 9.125  ;       ;
; iSelect[2] ; oDisplay4[5] ;        ; 8.339 ; 9.014  ;       ;
; iSelect[2] ; oDisplay4[6] ;        ; 8.340 ; 9.005  ;       ;
; iSelect[2] ; oDisplay5[1] ;        ; 8.253 ; 8.835  ;       ;
; iSelect[2] ; oDisplay5[2] ;        ; 8.066 ; 8.596  ;       ;
; iSelect[2] ; oDisplay5[5] ;        ; 7.551 ; 7.909  ;       ;
; iSelect[2] ; oDisplay5[6] ;        ; 7.290 ; 7.604  ;       ;
; iSelect[2] ; oDisplay6[1] ;        ; 7.644 ; 8.002  ;       ;
; iSelect[2] ; oDisplay6[2] ;        ; 7.857 ; 8.326  ;       ;
; iSelect[2] ; oDisplay6[5] ;        ; 9.543 ; 10.325 ;       ;
; iSelect[2] ; oDisplay6[6] ;        ; 7.889 ; 8.368  ;       ;
+------------+--------------+--------+-------+--------+-------+


+-----------------------------------------------------------+
; Minimum Propagation Delay                                 ;
+------------+--------------+-------+-------+-------+-------+
; Input Port ; Output Port  ; RR    ; RF    ; FR    ; FF    ;
+------------+--------------+-------+-------+-------+-------+
; iSelect[0] ; oDisplay1[1] ;       ; 7.518 ; 7.693 ;       ;
; iSelect[0] ; oDisplay1[2] ;       ; 7.522 ; 7.696 ;       ;
; iSelect[0] ; oDisplay1[5] ;       ; 7.637 ; 7.844 ;       ;
; iSelect[0] ; oDisplay1[6] ;       ; 7.815 ; 7.984 ;       ;
; iSelect[0] ; oDisplay2[1] ; 7.603 ;       ;       ; 7.513 ;
; iSelect[0] ; oDisplay2[2] ; 7.590 ;       ;       ; 7.508 ;
; iSelect[0] ; oDisplay2[5] ; 7.794 ;       ;       ; 7.684 ;
; iSelect[0] ; oDisplay2[6] ; 7.879 ;       ;       ; 7.838 ;
; iSelect[0] ; oDisplay3[1] ;       ; 7.628 ; 7.891 ;       ;
; iSelect[0] ; oDisplay3[2] ;       ; 7.416 ; 7.705 ;       ;
; iSelect[0] ; oDisplay3[5] ;       ; 7.614 ; 7.918 ;       ;
; iSelect[0] ; oDisplay3[6] ;       ; 7.432 ; 7.706 ;       ;
; iSelect[0] ; oDisplay4[1] ; 7.767 ;       ;       ; 7.594 ;
; iSelect[0] ; oDisplay4[2] ; 8.208 ;       ;       ; 7.898 ;
; iSelect[0] ; oDisplay4[5] ; 8.011 ;       ;       ; 7.816 ;
; iSelect[0] ; oDisplay4[6] ; 8.001 ;       ;       ; 7.817 ;
; iSelect[0] ; oDisplay5[1] ;       ; 7.658 ; 7.990 ;       ;
; iSelect[0] ; oDisplay5[2] ;       ; 7.501 ; 7.809 ;       ;
; iSelect[0] ; oDisplay5[5] ;       ; 7.056 ; 7.276 ;       ;
; iSelect[0] ; oDisplay5[6] ;       ; 6.837 ; 7.034 ;       ;
; iSelect[0] ; oDisplay6[1] ; 7.279 ;       ;       ; 7.248 ;
; iSelect[0] ; oDisplay6[2] ; 7.480 ;       ;       ; 7.398 ;
; iSelect[0] ; oDisplay6[5] ; 9.376 ;       ;       ; 9.001 ;
; iSelect[0] ; oDisplay6[6] ; 7.523 ;       ;       ; 7.430 ;
; iSelect[1] ; oDisplay1[1] ; 7.446 ;       ;       ; 7.458 ;
; iSelect[1] ; oDisplay1[2] ; 7.449 ;       ;       ; 7.462 ;
; iSelect[1] ; oDisplay1[5] ; 7.597 ;       ;       ; 7.577 ;
; iSelect[1] ; oDisplay1[6] ; 7.737 ;       ;       ; 7.755 ;
; iSelect[1] ; oDisplay2[1] ;       ; 7.261 ; 7.532 ;       ;
; iSelect[1] ; oDisplay2[2] ;       ; 7.256 ; 7.519 ;       ;
; iSelect[1] ; oDisplay2[5] ;       ; 7.432 ; 7.723 ;       ;
; iSelect[1] ; oDisplay2[6] ;       ; 7.586 ; 7.808 ;       ;
; iSelect[1] ; oDisplay3[1] ;       ; 7.472 ; 7.729 ;       ;
; iSelect[1] ; oDisplay3[2] ;       ; 7.260 ; 7.543 ;       ;
; iSelect[1] ; oDisplay3[5] ;       ; 7.458 ; 7.756 ;       ;
; iSelect[1] ; oDisplay3[6] ;       ; 7.276 ; 7.544 ;       ;
; iSelect[1] ; oDisplay4[1] ; 7.611 ;       ;       ; 7.438 ;
; iSelect[1] ; oDisplay4[2] ; 8.052 ;       ;       ; 7.742 ;
; iSelect[1] ; oDisplay4[5] ; 7.855 ;       ;       ; 7.660 ;
; iSelect[1] ; oDisplay4[6] ; 7.845 ;       ;       ; 7.661 ;
; iSelect[1] ; oDisplay5[1] ; 7.744 ;       ;       ; 7.594 ;
; iSelect[1] ; oDisplay5[2] ; 7.563 ;       ;       ; 7.437 ;
; iSelect[1] ; oDisplay5[5] ; 7.030 ;       ;       ; 6.992 ;
; iSelect[1] ; oDisplay5[6] ; 6.788 ;       ;       ; 6.773 ;
; iSelect[1] ; oDisplay6[1] ;       ; 6.997 ; 7.204 ;       ;
; iSelect[1] ; oDisplay6[2] ;       ; 7.147 ; 7.405 ;       ;
; iSelect[1] ; oDisplay6[5] ;       ; 8.750 ; 9.301 ;       ;
; iSelect[1] ; oDisplay6[6] ;       ; 7.179 ; 7.448 ;       ;
; iSelect[2] ; oDisplay1[1] ; 7.427 ;       ;       ; 7.513 ;
; iSelect[2] ; oDisplay1[2] ; 7.430 ;       ;       ; 7.517 ;
; iSelect[2] ; oDisplay1[5] ; 7.578 ;       ;       ; 7.632 ;
; iSelect[2] ; oDisplay1[6] ; 7.718 ;       ;       ; 7.810 ;
; iSelect[2] ; oDisplay2[1] ; 7.442 ;       ;       ; 7.420 ;
; iSelect[2] ; oDisplay2[2] ; 7.429 ;       ;       ; 7.415 ;
; iSelect[2] ; oDisplay2[5] ; 7.633 ;       ;       ; 7.591 ;
; iSelect[2] ; oDisplay2[6] ; 7.718 ;       ;       ; 7.745 ;
; iSelect[2] ; oDisplay3[1] ; 7.624 ;       ;       ; 7.623 ;
; iSelect[2] ; oDisplay3[2] ; 7.438 ;       ;       ; 7.411 ;
; iSelect[2] ; oDisplay3[5] ; 7.651 ;       ;       ; 7.609 ;
; iSelect[2] ; oDisplay3[6] ; 7.439 ;       ;       ; 7.427 ;
; iSelect[2] ; oDisplay4[1] ;       ; 7.341 ; 7.751 ;       ;
; iSelect[2] ; oDisplay4[2] ;       ; 7.645 ; 8.192 ;       ;
; iSelect[2] ; oDisplay4[5] ;       ; 7.563 ; 7.995 ;       ;
; iSelect[2] ; oDisplay4[6] ;       ; 7.564 ; 7.985 ;       ;
; iSelect[2] ; oDisplay5[1] ;       ; 7.498 ; 7.868 ;       ;
; iSelect[2] ; oDisplay5[2] ;       ; 7.341 ; 7.687 ;       ;
; iSelect[2] ; oDisplay5[5] ;       ; 6.896 ; 7.154 ;       ;
; iSelect[2] ; oDisplay5[6] ;       ; 6.677 ; 6.912 ;       ;
; iSelect[2] ; oDisplay6[1] ;       ; 6.999 ; 7.260 ;       ;
; iSelect[2] ; oDisplay6[2] ;       ; 7.149 ; 7.461 ;       ;
; iSelect[2] ; oDisplay6[5] ;       ; 8.752 ; 9.357 ;       ;
; iSelect[2] ; oDisplay6[6] ;       ; 7.181 ; 7.504 ;       ;
+------------+--------------+-------+-------+-------+-------+


----------------------------------------------
; Slow 1100mV 85C Model Metastability Report ;
----------------------------------------------
No synchronizer chains to report.


-------------------------------------
; Slow 1100mV 0C Model Fmax Summary ;
-------------------------------------
No paths to report.


--------------------------------------
; Slow 1100mV 0C Model Setup Summary ;
--------------------------------------
No paths to report.


-------------------------------------
; Slow 1100mV 0C Model Hold Summary ;
-------------------------------------
No paths to report.


-----------------------------------------
; Slow 1100mV 0C Model Recovery Summary ;
-----------------------------------------
No paths to report.


----------------------------------------
; Slow 1100mV 0C Model Removal Summary ;
----------------------------------------
No paths to report.


----------------------------------------------------
; Slow 1100mV 0C Model Minimum Pulse Width Summary ;
----------------------------------------------------
No paths to report.


+-------------------------------------------------------------+
; Propagation Delay                                           ;
+------------+--------------+--------+-------+--------+-------+
; Input Port ; Output Port  ; RR     ; RF    ; FR     ; FF    ;
+------------+--------------+--------+-------+--------+-------+
; iSelect[0] ; oDisplay1[1] ;        ; 8.100 ; 8.371  ;       ;
; iSelect[0] ; oDisplay1[2] ;        ; 8.105 ; 8.379  ;       ;
; iSelect[0] ; oDisplay1[5] ;        ; 8.238 ; 8.575  ;       ;
; iSelect[0] ; oDisplay1[6] ;        ; 8.408 ; 8.692  ;       ;
; iSelect[0] ; oDisplay2[1] ; 8.331  ;       ;        ; 8.171 ;
; iSelect[0] ; oDisplay2[2] ; 8.349  ;       ;        ; 8.185 ;
; iSelect[0] ; oDisplay2[5] ; 8.598  ;       ;        ; 8.351 ;
; iSelect[0] ; oDisplay2[6] ; 8.658  ;       ;        ; 8.525 ;
; iSelect[0] ; oDisplay3[1] ;        ; 8.200 ; 8.605  ;       ;
; iSelect[0] ; oDisplay3[2] ;        ; 7.987 ; 8.384  ;       ;
; iSelect[0] ; oDisplay3[5] ;        ; 8.260 ; 8.752  ;       ;
; iSelect[0] ; oDisplay3[6] ;        ; 8.040 ; 8.440  ;       ;
; iSelect[0] ; oDisplay4[1] ; 8.602  ;       ;        ; 8.326 ;
; iSelect[0] ; oDisplay4[2] ; 9.052  ;       ;        ; 8.643 ;
; iSelect[0] ; oDisplay4[5] ; 8.908  ;       ;        ; 8.571 ;
; iSelect[0] ; oDisplay4[6] ; 8.899  ;       ;        ; 8.564 ;
; iSelect[0] ; oDisplay5[1] ;        ; 8.340 ; 8.865  ;       ;
; iSelect[0] ; oDisplay5[2] ;        ; 8.164 ; 8.637  ;       ;
; iSelect[0] ; oDisplay5[5] ;        ; 7.653 ; 7.928  ;       ;
; iSelect[0] ; oDisplay5[6] ;        ; 7.363 ; 7.599  ;       ;
; iSelect[0] ; oDisplay6[1] ; 7.868  ;       ;        ; 7.850 ;
; iSelect[0] ; oDisplay6[2] ; 8.229  ;       ;        ; 8.098 ;
; iSelect[0] ; oDisplay6[5] ; 10.222 ;       ;        ; 9.701 ;
; iSelect[0] ; oDisplay6[6] ; 8.271  ;       ;        ; 8.137 ;
; iSelect[1] ; oDisplay1[1] ; 8.051  ;       ;        ; 8.040 ;
; iSelect[1] ; oDisplay1[2] ; 8.059  ;       ;        ; 8.045 ;
; iSelect[1] ; oDisplay1[5] ; 8.255  ;       ;        ; 8.178 ;
; iSelect[1] ; oDisplay1[6] ; 8.372  ;       ;        ; 8.348 ;
; iSelect[1] ; oDisplay2[1] ;        ; 7.850 ; 8.267  ;       ;
; iSelect[1] ; oDisplay2[2] ;        ; 7.864 ; 8.285  ;       ;
; iSelect[1] ; oDisplay2[5] ;        ; 8.030 ; 8.534  ;       ;
; iSelect[1] ; oDisplay2[6] ;        ; 8.204 ; 8.594  ;       ;
; iSelect[1] ; oDisplay3[1] ;        ; 8.018 ; 8.417  ;       ;
; iSelect[1] ; oDisplay3[2] ;        ; 7.805 ; 8.196  ;       ;
; iSelect[1] ; oDisplay3[5] ;        ; 8.078 ; 8.564  ;       ;
; iSelect[1] ; oDisplay3[6] ;        ; 7.858 ; 8.252  ;       ;
; iSelect[1] ; oDisplay4[1] ; 8.407  ;       ;        ; 8.128 ;
; iSelect[1] ; oDisplay4[2] ; 8.857  ;       ;        ; 8.445 ;
; iSelect[1] ; oDisplay4[5] ; 8.713  ;       ;        ; 8.373 ;
; iSelect[1] ; oDisplay4[6] ; 8.704  ;       ;        ; 8.366 ;
; iSelect[1] ; oDisplay5[1] ; 8.548  ;       ;        ; 8.280 ;
; iSelect[1] ; oDisplay5[2] ; 8.320  ;       ;        ; 8.104 ;
; iSelect[1] ; oDisplay5[5] ; 7.611  ;       ;        ; 7.593 ;
; iSelect[1] ; oDisplay5[6] ; 7.282  ;       ;        ; 7.303 ;
; iSelect[1] ; oDisplay6[1] ;        ; 7.532 ; 7.804  ;       ;
; iSelect[1] ; oDisplay6[2] ;        ; 7.780 ; 8.165  ;       ;
; iSelect[1] ; oDisplay6[5] ;        ; 9.383 ; 10.158 ;       ;
; iSelect[1] ; oDisplay6[6] ;        ; 7.819 ; 8.207  ;       ;
; iSelect[2] ; oDisplay1[1] ; 8.010  ;       ;        ; 8.077 ;
; iSelect[2] ; oDisplay1[2] ; 8.018  ;       ;        ; 8.082 ;
; iSelect[2] ; oDisplay1[5] ; 8.214  ;       ;        ; 8.215 ;
; iSelect[2] ; oDisplay1[6] ; 8.331  ;       ;        ; 8.385 ;
; iSelect[2] ; oDisplay2[1] ; 8.098  ;       ;        ; 8.017 ;
; iSelect[2] ; oDisplay2[2] ; 8.116  ;       ;        ; 8.031 ;
; iSelect[2] ; oDisplay2[5] ; 8.365  ;       ;        ; 8.197 ;
; iSelect[2] ; oDisplay2[6] ; 8.425  ;       ;        ; 8.371 ;
; iSelect[2] ; oDisplay3[1] ; 8.243  ;       ;        ; 8.176 ;
; iSelect[2] ; oDisplay3[2] ; 8.022  ;       ;        ; 7.963 ;
; iSelect[2] ; oDisplay3[5] ; 8.390  ;       ;        ; 8.236 ;
; iSelect[2] ; oDisplay3[6] ; 8.078  ;       ;        ; 8.016 ;
; iSelect[2] ; oDisplay4[1] ;        ; 7.931 ; 8.581  ;       ;
; iSelect[2] ; oDisplay4[2] ;        ; 8.248 ; 9.031  ;       ;
; iSelect[2] ; oDisplay4[5] ;        ; 8.176 ; 8.887  ;       ;
; iSelect[2] ; oDisplay4[6] ;        ; 8.169 ; 8.878  ;       ;
; iSelect[2] ; oDisplay5[1] ;        ; 8.087 ; 8.713  ;       ;
; iSelect[2] ; oDisplay5[2] ;        ; 7.911 ; 8.485  ;       ;
; iSelect[2] ; oDisplay5[5] ;        ; 7.400 ; 7.776  ;       ;
; iSelect[2] ; oDisplay5[6] ;        ; 7.110 ; 7.447  ;       ;
; iSelect[2] ; oDisplay6[1] ;        ; 7.459 ; 7.845  ;       ;
; iSelect[2] ; oDisplay6[2] ;        ; 7.707 ; 8.206  ;       ;
; iSelect[2] ; oDisplay6[5] ;        ; 9.310 ; 10.199 ;       ;
; iSelect[2] ; oDisplay6[6] ;        ; 7.746 ; 8.248  ;       ;
+------------+--------------+--------+-------+--------+-------+


+-----------------------------------------------------------+
; Minimum Propagation Delay                                 ;
+------------+--------------+-------+-------+-------+-------+
; Input Port ; Output Port  ; RR    ; RF    ; FR    ; FF    ;
+------------+--------------+-------+-------+-------+-------+
; iSelect[0] ; oDisplay1[1] ;       ; 7.373 ; 7.612 ;       ;
; iSelect[0] ; oDisplay1[2] ;       ; 7.378 ; 7.618 ;       ;
; iSelect[0] ; oDisplay1[5] ;       ; 7.480 ; 7.760 ;       ;
; iSelect[0] ; oDisplay1[6] ;       ; 7.655 ; 7.899 ;       ;
; iSelect[0] ; oDisplay2[1] ; 7.530 ;       ;       ; 7.404 ;
; iSelect[0] ; oDisplay2[2] ; 7.507 ;       ;       ; 7.397 ;
; iSelect[0] ; oDisplay2[5] ; 7.714 ;       ;       ; 7.540 ;
; iSelect[0] ; oDisplay2[6] ; 7.789 ;       ;       ; 7.709 ;
; iSelect[0] ; oDisplay3[1] ;       ; 7.449 ; 7.797 ;       ;
; iSelect[0] ; oDisplay3[2] ;       ; 7.261 ; 7.613 ;       ;
; iSelect[0] ; oDisplay3[5] ;       ; 7.476 ; 7.849 ;       ;
; iSelect[0] ; oDisplay3[6] ;       ; 7.298 ; 7.631 ;       ;
; iSelect[0] ; oDisplay4[1] ; 7.677 ;       ;       ; 7.503 ;
; iSelect[0] ; oDisplay4[2] ; 8.150 ;       ;       ; 7.819 ;
; iSelect[0] ; oDisplay4[5] ; 7.925 ;       ;       ; 7.715 ;
; iSelect[0] ; oDisplay4[6] ; 7.916 ;       ;       ; 7.708 ;
; iSelect[0] ; oDisplay5[1] ;       ; 7.532 ; 7.921 ;       ;
; iSelect[0] ; oDisplay5[2] ;       ; 7.389 ; 7.745 ;       ;
; iSelect[0] ; oDisplay5[5] ;       ; 6.948 ; 7.188 ;       ;
; iSelect[0] ; oDisplay5[6] ;       ; 6.700 ; 6.926 ;       ;
; iSelect[0] ; oDisplay6[1] ; 7.160 ;       ;       ; 7.122 ;
; iSelect[0] ; oDisplay6[2] ; 7.391 ;       ;       ; 7.310 ;
; iSelect[0] ; oDisplay6[5] ; 9.284 ;       ;       ; 8.830 ;
; iSelect[0] ; oDisplay6[6] ; 7.435 ;       ;       ; 7.349 ;
; iSelect[1] ; oDisplay1[1] ; 7.313 ;       ;       ; 7.293 ;
; iSelect[1] ; oDisplay1[2] ; 7.319 ;       ;       ; 7.298 ;
; iSelect[1] ; oDisplay1[5] ; 7.461 ;       ;       ; 7.400 ;
; iSelect[1] ; oDisplay1[6] ; 7.600 ;       ;       ; 7.575 ;
; iSelect[1] ; oDisplay2[1] ;       ; 7.100 ; 7.438 ;       ;
; iSelect[1] ; oDisplay2[2] ;       ; 7.093 ; 7.415 ;       ;
; iSelect[1] ; oDisplay2[5] ;       ; 7.236 ; 7.622 ;       ;
; iSelect[1] ; oDisplay2[6] ;       ; 7.405 ; 7.697 ;       ;
; iSelect[1] ; oDisplay3[1] ;       ; 7.253 ; 7.604 ;       ;
; iSelect[1] ; oDisplay3[2] ;       ; 7.065 ; 7.420 ;       ;
; iSelect[1] ; oDisplay3[5] ;       ; 7.280 ; 7.656 ;       ;
; iSelect[1] ; oDisplay3[6] ;       ; 7.102 ; 7.438 ;       ;
; iSelect[1] ; oDisplay4[1] ; 7.482 ;       ;       ; 7.316 ;
; iSelect[1] ; oDisplay4[2] ; 7.955 ;       ;       ; 7.632 ;
; iSelect[1] ; oDisplay4[5] ; 7.730 ;       ;       ; 7.528 ;
; iSelect[1] ; oDisplay4[6] ; 7.721 ;       ;       ; 7.521 ;
; iSelect[1] ; oDisplay5[1] ; 7.623 ;       ;       ; 7.452 ;
; iSelect[1] ; oDisplay5[2] ; 7.447 ;       ;       ; 7.309 ;
; iSelect[1] ; oDisplay5[5] ; 6.890 ;       ;       ; 6.868 ;
; iSelect[1] ; oDisplay5[6] ; 6.628 ;       ;       ; 6.620 ;
; iSelect[1] ; oDisplay6[1] ;       ; 6.819 ; 7.068 ;       ;
; iSelect[1] ; oDisplay6[2] ;       ; 7.007 ; 7.299 ;       ;
; iSelect[1] ; oDisplay6[5] ;       ; 8.527 ; 9.192 ;       ;
; iSelect[1] ; oDisplay6[6] ;       ; 7.046 ; 7.343 ;       ;
; iSelect[2] ; oDisplay1[1] ; 7.303 ;       ;       ; 7.348 ;
; iSelect[2] ; oDisplay1[2] ; 7.309 ;       ;       ; 7.353 ;
; iSelect[2] ; oDisplay1[5] ; 7.451 ;       ;       ; 7.455 ;
; iSelect[2] ; oDisplay1[6] ; 7.590 ;       ;       ; 7.630 ;
; iSelect[2] ; oDisplay2[1] ; 7.334 ;       ;       ; 7.276 ;
; iSelect[2] ; oDisplay2[2] ; 7.311 ;       ;       ; 7.269 ;
; iSelect[2] ; oDisplay2[5] ; 7.518 ;       ;       ; 7.412 ;
; iSelect[2] ; oDisplay2[6] ; 7.593 ;       ;       ; 7.581 ;
; iSelect[2] ; oDisplay3[1] ; 7.488 ;       ;       ; 7.423 ;
; iSelect[2] ; oDisplay3[2] ; 7.304 ;       ;       ; 7.235 ;
; iSelect[2] ; oDisplay3[5] ; 7.540 ;       ;       ; 7.450 ;
; iSelect[2] ; oDisplay3[6] ; 7.322 ;       ;       ; 7.272 ;
; iSelect[2] ; oDisplay4[1] ;       ; 7.200 ; 7.638 ;       ;
; iSelect[2] ; oDisplay4[2] ;       ; 7.516 ; 8.111 ;       ;
; iSelect[2] ; oDisplay4[5] ;       ; 7.412 ; 7.886 ;       ;
; iSelect[2] ; oDisplay4[6] ;       ; 7.405 ; 7.877 ;       ;
; iSelect[2] ; oDisplay5[1] ;       ; 7.340 ; 7.764 ;       ;
; iSelect[2] ; oDisplay5[2] ;       ; 7.197 ; 7.588 ;       ;
; iSelect[2] ; oDisplay5[5] ;       ; 6.756 ; 7.031 ;       ;
; iSelect[2] ; oDisplay5[6] ;       ; 6.508 ; 6.769 ;       ;
; iSelect[2] ; oDisplay6[1] ;       ; 6.821 ; 7.119 ;       ;
; iSelect[2] ; oDisplay6[2] ;       ; 7.009 ; 7.350 ;       ;
; iSelect[2] ; oDisplay6[5] ;       ; 8.529 ; 9.243 ;       ;
; iSelect[2] ; oDisplay6[6] ;       ; 7.048 ; 7.394 ;       ;
+------------+--------------+-------+-------+-------+-------+


---------------------------------------------
; Slow 1100mV 0C Model Metastability Report ;
---------------------------------------------
No synchronizer chains to report.


---------------------------------------
; Fast 1100mV 85C Model Setup Summary ;
---------------------------------------
No paths to report.


--------------------------------------
; Fast 1100mV 85C Model Hold Summary ;
--------------------------------------
No paths to report.


------------------------------------------
; Fast 1100mV 85C Model Recovery Summary ;
------------------------------------------
No paths to report.


-----------------------------------------
; Fast 1100mV 85C Model Removal Summary ;
-----------------------------------------
No paths to report.


-----------------------------------------------------
; Fast 1100mV 85C Model Minimum Pulse Width Summary ;
-----------------------------------------------------
No paths to report.


+-----------------------------------------------------------+
; Propagation Delay                                         ;
+------------+--------------+-------+-------+-------+-------+
; Input Port ; Output Port  ; RR    ; RF    ; FR    ; FF    ;
+------------+--------------+-------+-------+-------+-------+
; iSelect[0] ; oDisplay1[1] ;       ; 4.292 ; 4.948 ;       ;
; iSelect[0] ; oDisplay1[2] ;       ; 4.292 ; 4.946 ;       ;
; iSelect[0] ; oDisplay1[5] ;       ; 4.376 ; 5.078 ;       ;
; iSelect[0] ; oDisplay1[6] ;       ; 4.459 ; 5.141 ;       ;
; iSelect[0] ; oDisplay2[1] ; 4.522 ;       ;       ; 4.718 ;
; iSelect[0] ; oDisplay2[2] ; 4.593 ;       ;       ; 4.766 ;
; iSelect[0] ; oDisplay2[5] ; 4.693 ;       ;       ; 4.821 ;
; iSelect[0] ; oDisplay2[6] ; 4.780 ;       ;       ; 4.966 ;
; iSelect[0] ; oDisplay3[1] ;       ; 4.312 ; 5.075 ;       ;
; iSelect[0] ; oDisplay3[2] ;       ; 4.193 ; 4.944 ;       ;
; iSelect[0] ; oDisplay3[5] ;       ; 4.424 ; 5.245 ;       ;
; iSelect[0] ; oDisplay3[6] ;       ; 4.264 ; 5.018 ;       ;
; iSelect[0] ; oDisplay4[1] ; 4.754 ;       ;       ; 4.813 ;
; iSelect[0] ; oDisplay4[2] ; 5.047 ;       ;       ; 5.016 ;
; iSelect[0] ; oDisplay4[5] ; 4.975 ;       ;       ; 4.982 ;
; iSelect[0] ; oDisplay4[6] ; 4.961 ;       ;       ; 4.993 ;
; iSelect[0] ; oDisplay5[1] ;       ; 4.460 ; 5.314 ;       ;
; iSelect[0] ; oDisplay5[2] ;       ; 4.366 ; 5.180 ;       ;
; iSelect[0] ; oDisplay5[5] ;       ; 4.022 ; 4.707 ;       ;
; iSelect[0] ; oDisplay5[6] ;       ; 3.860 ; 4.489 ;       ;
; iSelect[0] ; oDisplay6[1] ; 4.263 ;       ;       ; 4.526 ;
; iSelect[0] ; oDisplay6[2] ; 4.502 ;       ;       ; 4.689 ;
; iSelect[0] ; oDisplay6[5] ; 5.779 ;       ;       ; 5.634 ;
; iSelect[0] ; oDisplay6[6] ; 4.555 ;       ;       ; 4.716 ;
; iSelect[1] ; oDisplay1[1] ; 4.408 ;       ;       ; 4.684 ;
; iSelect[1] ; oDisplay1[2] ; 4.406 ;       ;       ; 4.684 ;
; iSelect[1] ; oDisplay1[5] ; 4.538 ;       ;       ; 4.768 ;
; iSelect[1] ; oDisplay1[6] ; 4.601 ;       ;       ; 4.851 ;
; iSelect[1] ; oDisplay2[1] ;       ; 4.178 ; 4.915 ;       ;
; iSelect[1] ; oDisplay2[2] ;       ; 4.226 ; 4.986 ;       ;
; iSelect[1] ; oDisplay2[5] ;       ; 4.281 ; 5.086 ;       ;
; iSelect[1] ; oDisplay2[6] ;       ; 4.426 ; 5.173 ;       ;
; iSelect[1] ; oDisplay3[1] ;       ; 4.245 ; 4.996 ;       ;
; iSelect[1] ; oDisplay3[2] ;       ; 4.126 ; 4.865 ;       ;
; iSelect[1] ; oDisplay3[5] ;       ; 4.357 ; 5.166 ;       ;
; iSelect[1] ; oDisplay3[6] ;       ; 4.197 ; 4.939 ;       ;
; iSelect[1] ; oDisplay4[1] ; 4.685 ;       ;       ; 4.732 ;
; iSelect[1] ; oDisplay4[2] ; 4.978 ;       ;       ; 4.935 ;
; iSelect[1] ; oDisplay4[5] ; 4.906 ;       ;       ; 4.901 ;
; iSelect[1] ; oDisplay4[6] ; 4.892 ;       ;       ; 4.912 ;
; iSelect[1] ; oDisplay5[1] ; 4.776 ;       ;       ; 4.850 ;
; iSelect[1] ; oDisplay5[2] ; 4.642 ;       ;       ; 4.756 ;
; iSelect[1] ; oDisplay5[5] ; 4.169 ;       ;       ; 4.412 ;
; iSelect[1] ; oDisplay5[6] ; 3.951 ;       ;       ; 4.250 ;
; iSelect[1] ; oDisplay6[1] ;       ; 3.988 ; 4.654 ;       ;
; iSelect[1] ; oDisplay6[2] ;       ; 4.151 ; 4.893 ;       ;
; iSelect[1] ; oDisplay6[5] ;       ; 5.096 ; 6.170 ;       ;
; iSelect[1] ; oDisplay6[6] ;       ; 4.178 ; 4.946 ;       ;
; iSelect[2] ; oDisplay1[1] ; 4.468 ;       ;       ; 4.818 ;
; iSelect[2] ; oDisplay1[2] ; 4.466 ;       ;       ; 4.818 ;
; iSelect[2] ; oDisplay1[5] ; 4.598 ;       ;       ; 4.902 ;
; iSelect[2] ; oDisplay1[6] ; 4.661 ;       ;       ; 4.985 ;
; iSelect[2] ; oDisplay2[1] ; 4.519 ;       ;       ; 4.779 ;
; iSelect[2] ; oDisplay2[2] ; 4.590 ;       ;       ; 4.827 ;
; iSelect[2] ; oDisplay2[5] ; 4.690 ;       ;       ; 4.882 ;
; iSelect[2] ; oDisplay2[6] ; 4.777 ;       ;       ; 5.027 ;
; iSelect[2] ; oDisplay3[1] ; 4.594 ;       ;       ; 4.837 ;
; iSelect[2] ; oDisplay3[2] ; 4.463 ;       ;       ; 4.718 ;
; iSelect[2] ; oDisplay3[5] ; 4.764 ;       ;       ; 4.949 ;
; iSelect[2] ; oDisplay3[6] ; 4.537 ;       ;       ; 4.789 ;
; iSelect[2] ; oDisplay4[1] ;       ; 4.340 ; 5.279 ;       ;
; iSelect[2] ; oDisplay4[2] ;       ; 4.543 ; 5.572 ;       ;
; iSelect[2] ; oDisplay4[5] ;       ; 4.509 ; 5.500 ;       ;
; iSelect[2] ; oDisplay4[6] ;       ; 4.520 ; 5.486 ;       ;
; iSelect[2] ; oDisplay5[1] ;       ; 4.458 ; 5.362 ;       ;
; iSelect[2] ; oDisplay5[2] ;       ; 4.364 ; 5.228 ;       ;
; iSelect[2] ; oDisplay5[5] ;       ; 4.020 ; 4.755 ;       ;
; iSelect[2] ; oDisplay5[6] ;       ; 3.858 ; 4.537 ;       ;
; iSelect[2] ; oDisplay6[1] ;       ; 4.057 ; 4.788 ;       ;
; iSelect[2] ; oDisplay6[2] ;       ; 4.220 ; 5.027 ;       ;
; iSelect[2] ; oDisplay6[5] ;       ; 5.165 ; 6.304 ;       ;
; iSelect[2] ; oDisplay6[6] ;       ; 4.247 ; 5.080 ;       ;
+------------+--------------+-------+-------+-------+-------+


+-----------------------------------------------------------+
; Minimum Propagation Delay                                 ;
+------------+--------------+-------+-------+-------+-------+
; Input Port ; Output Port  ; RR    ; RF    ; FR    ; FF    ;
+------------+--------------+-------+-------+-------+-------+
; iSelect[0] ; oDisplay1[1] ;       ; 3.979 ; 4.590 ;       ;
; iSelect[0] ; oDisplay1[2] ;       ; 3.979 ; 4.589 ;       ;
; iSelect[0] ; oDisplay1[5] ;       ; 4.047 ; 4.686 ;       ;
; iSelect[0] ; oDisplay1[6] ;       ; 4.133 ; 4.769 ;       ;
; iSelect[0] ; oDisplay2[1] ; 4.159 ;       ;       ; 4.379 ;
; iSelect[0] ; oDisplay2[2] ; 4.190 ;       ;       ; 4.408 ;
; iSelect[0] ; oDisplay2[5] ; 4.270 ;       ;       ; 4.457 ;
; iSelect[0] ; oDisplay2[6] ; 4.367 ;       ;       ; 4.593 ;
; iSelect[0] ; oDisplay3[1] ;       ; 3.997 ; 4.688 ;       ;
; iSelect[0] ; oDisplay3[2] ;       ; 3.891 ; 4.582 ;       ;
; iSelect[0] ; oDisplay3[5] ;       ; 4.077 ; 4.787 ;       ;
; iSelect[0] ; oDisplay3[6] ;       ; 3.943 ; 4.620 ;       ;
; iSelect[0] ; oDisplay4[1] ; 4.304 ;       ;       ; 4.437 ;
; iSelect[0] ; oDisplay4[2] ; 4.616 ;       ;       ; 4.645 ;
; iSelect[0] ; oDisplay4[5] ; 4.482 ;       ;       ; 4.585 ;
; iSelect[0] ; oDisplay4[6] ; 4.467 ;       ;       ; 4.595 ;
; iSelect[0] ; oDisplay5[1] ;       ; 4.102 ; 4.829 ;       ;
; iSelect[0] ; oDisplay5[2] ;       ; 4.026 ; 4.729 ;       ;
; iSelect[0] ; oDisplay5[5] ;       ; 3.724 ; 4.357 ;       ;
; iSelect[0] ; oDisplay5[6] ;       ; 3.590 ; 4.181 ;       ;
; iSelect[0] ; oDisplay6[1] ; 3.956 ;       ;       ; 4.212 ;
; iSelect[0] ; oDisplay6[2] ; 4.108 ;       ;       ; 4.331 ;
; iSelect[0] ; oDisplay6[5] ; 5.345 ;       ;       ; 5.242 ;
; iSelect[0] ; oDisplay6[6] ; 4.161 ;       ;       ; 4.359 ;
; iSelect[1] ; oDisplay1[1] ; 4.075 ;       ;       ; 4.352 ;
; iSelect[1] ; oDisplay1[2] ; 4.074 ;       ;       ; 4.352 ;
; iSelect[1] ; oDisplay1[5] ; 4.171 ;       ;       ; 4.420 ;
; iSelect[1] ; oDisplay1[6] ; 4.254 ;       ;       ; 4.506 ;
; iSelect[1] ; oDisplay2[1] ;       ; 3.862 ; 4.528 ;       ;
; iSelect[1] ; oDisplay2[2] ;       ; 3.891 ; 4.559 ;       ;
; iSelect[1] ; oDisplay2[5] ;       ; 3.940 ; 4.639 ;       ;
; iSelect[1] ; oDisplay2[6] ;       ; 4.076 ; 4.736 ;       ;
; iSelect[1] ; oDisplay3[1] ;       ; 3.929 ; 4.610 ;       ;
; iSelect[1] ; oDisplay3[2] ;       ; 3.823 ; 4.504 ;       ;
; iSelect[1] ; oDisplay3[5] ;       ; 4.009 ; 4.709 ;       ;
; iSelect[1] ; oDisplay3[6] ;       ; 3.875 ; 4.542 ;       ;
; iSelect[1] ; oDisplay4[1] ; 4.236 ;       ;       ; 4.361 ;
; iSelect[1] ; oDisplay4[2] ; 4.548 ;       ;       ; 4.569 ;
; iSelect[1] ; oDisplay4[5] ; 4.414 ;       ;       ; 4.509 ;
; iSelect[1] ; oDisplay4[6] ; 4.399 ;       ;       ; 4.519 ;
; iSelect[1] ; oDisplay5[1] ; 4.317 ;       ;       ; 4.471 ;
; iSelect[1] ; oDisplay5[2] ; 4.217 ;       ;       ; 4.395 ;
; iSelect[1] ; oDisplay5[5] ; 3.845 ;       ;       ; 4.093 ;
; iSelect[1] ; oDisplay5[6] ; 3.669 ;       ;       ; 3.959 ;
; iSelect[1] ; oDisplay6[1] ;       ; 3.698 ; 4.321 ;       ;
; iSelect[1] ; oDisplay6[2] ;       ; 3.817 ; 4.473 ;       ;
; iSelect[1] ; oDisplay6[5] ;       ; 4.728 ; 5.710 ;       ;
; iSelect[1] ; oDisplay6[6] ;       ; 3.845 ; 4.526 ;       ;
; iSelect[2] ; oDisplay1[1] ; 4.135 ;       ;       ; 4.468 ;
; iSelect[2] ; oDisplay1[2] ; 4.134 ;       ;       ; 4.468 ;
; iSelect[2] ; oDisplay1[5] ; 4.231 ;       ;       ; 4.536 ;
; iSelect[2] ; oDisplay1[6] ; 4.314 ;       ;       ; 4.622 ;
; iSelect[2] ; oDisplay2[1] ; 4.156 ;       ;       ; 4.425 ;
; iSelect[2] ; oDisplay2[2] ; 4.187 ;       ;       ; 4.454 ;
; iSelect[2] ; oDisplay2[5] ; 4.267 ;       ;       ; 4.503 ;
; iSelect[2] ; oDisplay2[6] ; 4.364 ;       ;       ; 4.639 ;
; iSelect[2] ; oDisplay3[1] ; 4.232 ;       ;       ; 4.485 ;
; iSelect[2] ; oDisplay3[2] ; 4.126 ;       ;       ; 4.379 ;
; iSelect[2] ; oDisplay3[5] ; 4.331 ;       ;       ; 4.565 ;
; iSelect[2] ; oDisplay3[6] ; 4.164 ;       ;       ; 4.431 ;
; iSelect[2] ; oDisplay4[1] ;       ; 3.994 ; 4.786 ;       ;
; iSelect[2] ; oDisplay4[2] ;       ; 4.202 ; 5.098 ;       ;
; iSelect[2] ; oDisplay4[5] ;       ; 4.142 ; 4.964 ;       ;
; iSelect[2] ; oDisplay4[6] ;       ; 4.152 ; 4.949 ;       ;
; iSelect[2] ; oDisplay5[1] ;       ; 4.106 ; 4.859 ;       ;
; iSelect[2] ; oDisplay5[2] ;       ; 4.030 ; 4.759 ;       ;
; iSelect[2] ; oDisplay5[5] ;       ; 3.728 ; 4.387 ;       ;
; iSelect[2] ; oDisplay5[6] ;       ; 3.594 ; 4.211 ;       ;
; iSelect[2] ; oDisplay6[1] ;       ; 3.773 ; 4.436 ;       ;
; iSelect[2] ; oDisplay6[2] ;       ; 3.892 ; 4.588 ;       ;
; iSelect[2] ; oDisplay6[5] ;       ; 4.803 ; 5.825 ;       ;
; iSelect[2] ; oDisplay6[6] ;       ; 3.920 ; 4.641 ;       ;
+------------+--------------+-------+-------+-------+-------+


----------------------------------------------
; Fast 1100mV 85C Model Metastability Report ;
----------------------------------------------
No synchronizer chains to report.


--------------------------------------
; Fast 1100mV 0C Model Setup Summary ;
--------------------------------------
No paths to report.


-------------------------------------
; Fast 1100mV 0C Model Hold Summary ;
-------------------------------------
No paths to report.


-----------------------------------------
; Fast 1100mV 0C Model Recovery Summary ;
-----------------------------------------
No paths to report.


----------------------------------------
; Fast 1100mV 0C Model Removal Summary ;
----------------------------------------
No paths to report.


----------------------------------------------------
; Fast 1100mV 0C Model Minimum Pulse Width Summary ;
----------------------------------------------------
No paths to report.


+-----------------------------------------------------------+
; Propagation Delay                                         ;
+------------+--------------+-------+-------+-------+-------+
; Input Port ; Output Port  ; RR    ; RF    ; FR    ; FF    ;
+------------+--------------+-------+-------+-------+-------+
; iSelect[0] ; oDisplay1[1] ;       ; 4.090 ; 4.698 ;       ;
; iSelect[0] ; oDisplay1[2] ;       ; 4.090 ; 4.697 ;       ;
; iSelect[0] ; oDisplay1[5] ;       ; 4.155 ; 4.807 ;       ;
; iSelect[0] ; oDisplay1[6] ;       ; 4.236 ; 4.873 ;       ;
; iSelect[0] ; oDisplay2[1] ; 4.261 ;       ;       ; 4.518 ;
; iSelect[0] ; oDisplay2[2] ; 4.333 ;       ;       ; 4.569 ;
; iSelect[0] ; oDisplay2[5] ; 4.411 ;       ;       ; 4.608 ;
; iSelect[0] ; oDisplay2[6] ; 4.504 ;       ;       ; 4.746 ;
; iSelect[0] ; oDisplay3[1] ;       ; 4.082 ; 4.785 ;       ;
; iSelect[0] ; oDisplay3[2] ;       ; 3.971 ; 4.663 ;       ;
; iSelect[0] ; oDisplay3[5] ;       ; 4.225 ; 4.969 ;       ;
; iSelect[0] ; oDisplay3[6] ;       ; 4.084 ; 4.768 ;       ;
; iSelect[0] ; oDisplay4[1] ; 4.474 ;       ;       ; 4.596 ;
; iSelect[0] ; oDisplay4[2] ; 4.749 ;       ;       ; 4.792 ;
; iSelect[0] ; oDisplay4[5] ; 4.681 ;       ;       ; 4.759 ;
; iSelect[0] ; oDisplay4[6] ; 4.666 ;       ;       ; 4.773 ;
; iSelect[0] ; oDisplay5[1] ;       ; 4.244 ; 5.032 ;       ;
; iSelect[0] ; oDisplay5[2] ;       ; 4.156 ; 4.907 ;       ;
; iSelect[0] ; oDisplay5[5] ;       ; 3.816 ; 4.467 ;       ;
; iSelect[0] ; oDisplay5[6] ;       ; 3.653 ; 4.250 ;       ;
; iSelect[0] ; oDisplay6[1] ; 4.002 ;       ;       ; 4.298 ;
; iSelect[0] ; oDisplay6[2] ; 4.247 ;       ;       ; 4.484 ;
; iSelect[0] ; oDisplay6[5] ; 5.427 ;       ;       ; 5.383 ;
; iSelect[0] ; oDisplay6[6] ; 4.301 ;       ;       ; 4.508 ;
; iSelect[1] ; oDisplay1[1] ; 4.147 ;       ;       ; 4.472 ;
; iSelect[1] ; oDisplay1[2] ; 4.146 ;       ;       ; 4.472 ;
; iSelect[1] ; oDisplay1[5] ; 4.256 ;       ;       ; 4.537 ;
; iSelect[1] ; oDisplay1[6] ; 4.322 ;       ;       ; 4.618 ;
; iSelect[1] ; oDisplay2[1] ;       ; 3.968 ; 4.644 ;       ;
; iSelect[1] ; oDisplay2[2] ;       ; 4.019 ; 4.716 ;       ;
; iSelect[1] ; oDisplay2[5] ;       ; 4.058 ; 4.794 ;       ;
; iSelect[1] ; oDisplay2[6] ;       ; 4.196 ; 4.887 ;       ;
; iSelect[1] ; oDisplay3[1] ;       ; 4.002 ; 4.700 ;       ;
; iSelect[1] ; oDisplay3[2] ;       ; 3.891 ; 4.578 ;       ;
; iSelect[1] ; oDisplay3[5] ;       ; 4.145 ; 4.884 ;       ;
; iSelect[1] ; oDisplay3[6] ;       ; 4.004 ; 4.683 ;       ;
; iSelect[1] ; oDisplay4[1] ; 4.393 ;       ;       ; 4.508 ;
; iSelect[1] ; oDisplay4[2] ; 4.668 ;       ;       ; 4.704 ;
; iSelect[1] ; oDisplay4[5] ; 4.600 ;       ;       ; 4.671 ;
; iSelect[1] ; oDisplay4[6] ; 4.585 ;       ;       ; 4.685 ;
; iSelect[1] ; oDisplay5[1] ; 4.482 ;       ;       ; 4.624 ;
; iSelect[1] ; oDisplay5[2] ; 4.357 ;       ;       ; 4.536 ;
; iSelect[1] ; oDisplay5[5] ; 3.917 ;       ;       ; 4.196 ;
; iSelect[1] ; oDisplay5[6] ; 3.700 ;       ;       ; 4.033 ;
; iSelect[1] ; oDisplay6[1] ;       ; 3.749 ; 4.383 ;       ;
; iSelect[1] ; oDisplay6[2] ;       ; 3.935 ; 4.628 ;       ;
; iSelect[1] ; oDisplay6[5] ;       ; 4.834 ; 5.808 ;       ;
; iSelect[1] ; oDisplay6[6] ;       ; 3.959 ; 4.682 ;       ;
; iSelect[2] ; oDisplay1[1] ; 4.224 ;       ;       ; 4.611 ;
; iSelect[2] ; oDisplay1[2] ; 4.223 ;       ;       ; 4.611 ;
; iSelect[2] ; oDisplay1[5] ; 4.333 ;       ;       ; 4.676 ;
; iSelect[2] ; oDisplay1[6] ; 4.399 ;       ;       ; 4.757 ;
; iSelect[2] ; oDisplay2[1] ; 4.261 ;       ;       ; 4.575 ;
; iSelect[2] ; oDisplay2[2] ; 4.333 ;       ;       ; 4.626 ;
; iSelect[2] ; oDisplay2[5] ; 4.411 ;       ;       ; 4.665 ;
; iSelect[2] ; oDisplay2[6] ; 4.504 ;       ;       ; 4.803 ;
; iSelect[2] ; oDisplay3[1] ; 4.310 ;       ;       ; 4.602 ;
; iSelect[2] ; oDisplay3[2] ; 4.188 ;       ;       ; 4.491 ;
; iSelect[2] ; oDisplay3[5] ; 4.494 ;       ;       ; 4.745 ;
; iSelect[2] ; oDisplay3[6] ; 4.293 ;       ;       ; 4.604 ;
; iSelect[2] ; oDisplay4[1] ;       ; 4.125 ; 4.995 ;       ;
; iSelect[2] ; oDisplay4[2] ;       ; 4.321 ; 5.270 ;       ;
; iSelect[2] ; oDisplay4[5] ;       ; 4.288 ; 5.202 ;       ;
; iSelect[2] ; oDisplay4[6] ;       ; 4.302 ; 5.187 ;       ;
; iSelect[2] ; oDisplay5[1] ;       ; 4.241 ; 5.077 ;       ;
; iSelect[2] ; oDisplay5[2] ;       ; 4.153 ; 4.952 ;       ;
; iSelect[2] ; oDisplay5[5] ;       ; 3.813 ; 4.512 ;       ;
; iSelect[2] ; oDisplay5[6] ;       ; 3.650 ; 4.295 ;       ;
; iSelect[2] ; oDisplay6[1] ;       ; 3.829 ; 4.521 ;       ;
; iSelect[2] ; oDisplay6[2] ;       ; 4.015 ; 4.766 ;       ;
; iSelect[2] ; oDisplay6[5] ;       ; 4.914 ; 5.946 ;       ;
; iSelect[2] ; oDisplay6[6] ;       ; 4.039 ; 4.820 ;       ;
+------------+--------------+-------+-------+-------+-------+


+-----------------------------------------------------------+
; Minimum Propagation Delay                                 ;
+------------+--------------+-------+-------+-------+-------+
; Input Port ; Output Port  ; RR    ; RF    ; FR    ; FF    ;
+------------+--------------+-------+-------+-------+-------+
; iSelect[0] ; oDisplay1[1] ;       ; 3.785 ; 4.357 ;       ;
; iSelect[0] ; oDisplay1[2] ;       ; 3.786 ; 4.357 ;       ;
; iSelect[0] ; oDisplay1[5] ;       ; 3.837 ; 4.440 ;       ;
; iSelect[0] ; oDisplay1[6] ;       ; 3.921 ; 4.520 ;       ;
; iSelect[0] ; oDisplay2[1] ; 3.911 ;       ;       ; 4.194 ;
; iSelect[0] ; oDisplay2[2] ; 3.948 ;       ;       ; 4.225 ;
; iSelect[0] ; oDisplay2[5] ; 4.019 ;       ;       ; 4.260 ;
; iSelect[0] ; oDisplay2[6] ; 4.110 ;       ;       ; 4.389 ;
; iSelect[0] ; oDisplay3[1] ;       ; 3.777 ; 4.434 ;       ;
; iSelect[0] ; oDisplay3[2] ;       ; 3.678 ; 4.330 ;       ;
; iSelect[0] ; oDisplay3[5] ;       ; 3.887 ; 4.544 ;       ;
; iSelect[0] ; oDisplay3[6] ;       ; 3.771 ; 4.398 ;       ;
; iSelect[0] ; oDisplay4[1] ; 4.049 ;       ;       ; 4.235 ;
; iSelect[0] ; oDisplay4[2] ; 4.342 ;       ;       ; 4.435 ;
; iSelect[0] ; oDisplay4[5] ; 4.220 ;       ;       ; 4.378 ;
; iSelect[0] ; oDisplay4[6] ; 4.205 ;       ;       ; 4.392 ;
; iSelect[0] ; oDisplay5[1] ;       ; 3.894 ; 4.586 ;       ;
; iSelect[0] ; oDisplay5[2] ;       ; 3.821 ; 4.487 ;       ;
; iSelect[0] ; oDisplay5[5] ;       ; 3.524 ; 4.134 ;       ;
; iSelect[0] ; oDisplay5[6] ;       ; 3.389 ; 3.961 ;       ;
; iSelect[0] ; oDisplay6[1] ; 3.708 ;       ;       ; 3.999 ;
; iSelect[0] ; oDisplay6[2] ; 3.867 ;       ;       ; 4.141 ;
; iSelect[0] ; oDisplay6[5] ; 5.007 ;       ;       ; 5.010 ;
; iSelect[0] ; oDisplay6[6] ; 3.921 ;       ;       ; 4.165 ;
; iSelect[1] ; oDisplay1[1] ; 3.825 ;       ;       ; 4.154 ;
; iSelect[1] ; oDisplay1[2] ; 3.825 ;       ;       ; 4.155 ;
; iSelect[1] ; oDisplay1[5] ; 3.908 ;       ;       ; 4.206 ;
; iSelect[1] ; oDisplay1[6] ; 3.988 ;       ;       ; 4.290 ;
; iSelect[1] ; oDisplay2[1] ;       ; 3.659 ; 4.277 ;       ;
; iSelect[1] ; oDisplay2[2] ;       ; 3.690 ; 4.314 ;       ;
; iSelect[1] ; oDisplay2[5] ;       ; 3.725 ; 4.385 ;       ;
; iSelect[1] ; oDisplay2[6] ;       ; 3.854 ; 4.476 ;       ;
; iSelect[1] ; oDisplay3[1] ;       ; 3.696 ; 4.350 ;       ;
; iSelect[1] ; oDisplay3[2] ;       ; 3.597 ; 4.246 ;       ;
; iSelect[1] ; oDisplay3[5] ;       ; 3.806 ; 4.460 ;       ;
; iSelect[1] ; oDisplay3[6] ;       ; 3.690 ; 4.314 ;       ;
; iSelect[1] ; oDisplay4[1] ; 3.969 ;       ;       ; 4.151 ;
; iSelect[1] ; oDisplay4[2] ; 4.262 ;       ;       ; 4.351 ;
; iSelect[1] ; oDisplay4[5] ; 4.140 ;       ;       ; 4.294 ;
; iSelect[1] ; oDisplay4[6] ; 4.125 ;       ;       ; 4.308 ;
; iSelect[1] ; oDisplay5[1] ; 4.055 ;       ;       ; 4.261 ;
; iSelect[1] ; oDisplay5[2] ; 3.956 ;       ;       ; 4.188 ;
; iSelect[1] ; oDisplay5[5] ; 3.603 ;       ;       ; 3.891 ;
; iSelect[1] ; oDisplay5[6] ; 3.430 ;       ;       ; 3.756 ;
; iSelect[1] ; oDisplay6[1] ;       ; 3.465 ; 4.072 ;       ;
; iSelect[1] ; oDisplay6[2] ;       ; 3.607 ; 4.231 ;       ;
; iSelect[1] ; oDisplay6[5] ;       ; 4.476 ; 5.371 ;       ;
; iSelect[1] ; oDisplay6[6] ;       ; 3.631 ; 4.285 ;       ;
; iSelect[2] ; oDisplay1[1] ; 3.899 ;       ;       ; 4.271 ;
; iSelect[2] ; oDisplay1[2] ; 3.899 ;       ;       ; 4.272 ;
; iSelect[2] ; oDisplay1[5] ; 3.982 ;       ;       ; 4.323 ;
; iSelect[2] ; oDisplay1[6] ; 4.062 ;       ;       ; 4.407 ;
; iSelect[2] ; oDisplay2[1] ; 3.909 ;       ;       ; 4.234 ;
; iSelect[2] ; oDisplay2[2] ; 3.946 ;       ;       ; 4.265 ;
; iSelect[2] ; oDisplay2[5] ; 4.017 ;       ;       ; 4.300 ;
; iSelect[2] ; oDisplay2[6] ; 4.108 ;       ;       ; 4.429 ;
; iSelect[2] ; oDisplay3[1] ; 3.976 ;       ;       ; 4.263 ;
; iSelect[2] ; oDisplay3[2] ; 3.872 ;       ;       ; 4.164 ;
; iSelect[2] ; oDisplay3[5] ; 4.086 ;       ;       ; 4.373 ;
; iSelect[2] ; oDisplay3[6] ; 3.940 ;       ;       ; 4.257 ;
; iSelect[2] ; oDisplay4[1] ;       ; 3.786 ; 4.531 ;       ;
; iSelect[2] ; oDisplay4[2] ;       ; 3.986 ; 4.824 ;       ;
; iSelect[2] ; oDisplay4[5] ;       ; 3.929 ; 4.702 ;       ;
; iSelect[2] ; oDisplay4[6] ;       ; 3.943 ; 4.687 ;       ;
; iSelect[2] ; oDisplay5[1] ;       ; 3.897 ; 4.611 ;       ;
; iSelect[2] ; oDisplay5[2] ;       ; 3.824 ; 4.512 ;       ;
; iSelect[2] ; oDisplay5[5] ;       ; 3.527 ; 4.159 ;       ;
; iSelect[2] ; oDisplay5[6] ;       ; 3.392 ; 3.986 ;       ;
; iSelect[2] ; oDisplay6[1] ;       ; 3.553 ; 4.189 ;       ;
; iSelect[2] ; oDisplay6[2] ;       ; 3.695 ; 4.348 ;       ;
; iSelect[2] ; oDisplay6[5] ;       ; 4.564 ; 5.488 ;       ;
; iSelect[2] ; oDisplay6[6] ;       ; 3.719 ; 4.402 ;       ;
+------------+--------------+-------+-------+-------+-------+


---------------------------------------------
; Fast 1100mV 0C Model Metastability Report ;
---------------------------------------------
No synchronizer chains to report.


+----------------------------------------------------------------------------+
; Multicorner Timing Analysis Summary                                        ;
+------------------+-------+------+----------+---------+---------------------+
; Clock            ; Setup ; Hold ; Recovery ; Removal ; Minimum Pulse Width ;
+------------------+-------+------+----------+---------+---------------------+
; Worst-case Slack ; N/A   ; N/A  ; N/A      ; N/A     ; N/A                 ;
; Design-wide TNS  ; 0.0   ; 0.0  ; 0.0      ; 0.0     ; 0.0                 ;
+------------------+-------+------+----------+---------+---------------------+


+-------------------------------------------------------------+
; Propagation Delay                                           ;
+------------+--------------+--------+-------+--------+-------+
; Input Port ; Output Port  ; RR     ; RF    ; FR     ; FF    ;
+------------+--------------+--------+-------+--------+-------+
; iSelect[0] ; oDisplay1[1] ;        ; 8.243 ; 8.463  ;       ;
; iSelect[0] ; oDisplay1[2] ;        ; 8.248 ; 8.466  ;       ;
; iSelect[0] ; oDisplay1[5] ;        ; 8.391 ; 8.673  ;       ;
; iSelect[0] ; oDisplay1[6] ;        ; 8.566 ; 8.788  ;       ;
; iSelect[0] ; oDisplay2[1] ; 8.404  ;       ;        ; 8.277 ;
; iSelect[0] ; oDisplay2[2] ; 8.435  ;       ;        ; 8.292 ;
; iSelect[0] ; oDisplay2[5] ; 8.688  ;       ;        ; 8.492 ;
; iSelect[0] ; oDisplay2[6] ; 8.753  ;       ;        ; 8.650 ;
; iSelect[0] ; oDisplay3[1] ;        ; 8.372 ; 8.719  ;       ;
; iSelect[0] ; oDisplay3[2] ;        ; 8.134 ; 8.490  ;       ;
; iSelect[0] ; oDisplay3[5] ;        ; 8.393 ; 8.832  ;       ;
; iSelect[0] ; oDisplay3[6] ;        ; 8.168 ; 8.526  ;       ;
; iSelect[0] ; oDisplay4[1] ; 8.696  ;       ;        ; 8.414 ;
; iSelect[0] ; oDisplay4[2] ; 9.115  ;       ;        ; 8.717 ;
; iSelect[0] ; oDisplay4[5] ; 9.004  ;       ;        ; 8.669 ;
; iSelect[0] ; oDisplay4[6] ; 8.995  ;       ;        ; 8.670 ;
; iSelect[0] ; oDisplay5[1] ;        ; 8.460 ; 8.950  ;       ;
; iSelect[0] ; oDisplay5[2] ;        ; 8.273 ; 8.711  ;       ;
; iSelect[0] ; oDisplay5[5] ;        ; 7.758 ; 8.024  ;       ;
; iSelect[0] ; oDisplay5[6] ;        ; 7.497 ; 7.719  ;       ;
; iSelect[0] ; oDisplay6[1] ; 7.996  ;       ;        ; 7.969 ;
; iSelect[0] ; oDisplay6[2] ; 8.320  ;       ;        ; 8.182 ;
; iSelect[0] ; oDisplay6[5] ; 10.319 ;       ;        ; 9.868 ;
; iSelect[0] ; oDisplay6[6] ; 8.362  ;       ;        ; 8.214 ;
; iSelect[1] ; oDisplay1[1] ; 8.192  ;       ;        ; 8.202 ;
; iSelect[1] ; oDisplay1[2] ; 8.195  ;       ;        ; 8.207 ;
; iSelect[1] ; oDisplay1[5] ; 8.402  ;       ;        ; 8.350 ;
; iSelect[1] ; oDisplay1[6] ; 8.517  ;       ;        ; 8.525 ;
; iSelect[1] ; oDisplay2[1] ;        ; 8.006 ; 8.360  ;       ;
; iSelect[1] ; oDisplay2[2] ;        ; 8.021 ; 8.391  ;       ;
; iSelect[1] ; oDisplay2[5] ;        ; 8.221 ; 8.644  ;       ;
; iSelect[1] ; oDisplay2[6] ;        ; 8.379 ; 8.709  ;       ;
; iSelect[1] ; oDisplay3[1] ;        ; 8.226 ; 8.562  ;       ;
; iSelect[1] ; oDisplay3[2] ;        ; 7.988 ; 8.333  ;       ;
; iSelect[1] ; oDisplay3[5] ;        ; 8.247 ; 8.675  ;       ;
; iSelect[1] ; oDisplay3[6] ;        ; 8.022 ; 8.369  ;       ;
; iSelect[1] ; oDisplay4[1] ; 8.540  ;       ;        ; 8.248 ;
; iSelect[1] ; oDisplay4[2] ; 8.959  ;       ;        ; 8.551 ;
; iSelect[1] ; oDisplay4[5] ; 8.848  ;       ;        ; 8.503 ;
; iSelect[1] ; oDisplay4[6] ; 8.839  ;       ;        ; 8.504 ;
; iSelect[1] ; oDisplay5[1] ; 8.681  ;       ;        ; 8.416 ;
; iSelect[1] ; oDisplay5[2] ; 8.442  ;       ;        ; 8.229 ;
; iSelect[1] ; oDisplay5[5] ; 7.755  ;       ;        ; 7.714 ;
; iSelect[1] ; oDisplay5[6] ; 7.450  ;       ;        ; 7.453 ;
; iSelect[1] ; oDisplay6[1] ;        ; 7.700 ; 7.949  ;       ;
; iSelect[1] ; oDisplay6[2] ;        ; 7.913 ; 8.273  ;       ;
; iSelect[1] ; oDisplay6[5] ;        ; 9.599 ; 10.272 ;       ;
; iSelect[1] ; oDisplay6[6] ;        ; 7.945 ; 8.315  ;       ;
; iSelect[2] ; oDisplay1[1] ; 8.151  ;       ;        ; 8.249 ;
; iSelect[2] ; oDisplay1[2] ; 8.154  ;       ;        ; 8.254 ;
; iSelect[2] ; oDisplay1[5] ; 8.361  ;       ;        ; 8.397 ;
; iSelect[2] ; oDisplay1[6] ; 8.476  ;       ;        ; 8.572 ;
; iSelect[2] ; oDisplay2[1] ; 8.216  ;       ;        ; 8.167 ;
; iSelect[2] ; oDisplay2[2] ; 8.247  ;       ;        ; 8.182 ;
; iSelect[2] ; oDisplay2[5] ; 8.500  ;       ;        ; 8.382 ;
; iSelect[2] ; oDisplay2[6] ; 8.565  ;       ;        ; 8.540 ;
; iSelect[2] ; oDisplay3[1] ; 8.406  ;       ;        ; 8.377 ;
; iSelect[2] ; oDisplay3[2] ; 8.177  ;       ;        ; 8.139 ;
; iSelect[2] ; oDisplay3[5] ; 8.519  ;       ;        ; 8.398 ;
; iSelect[2] ; oDisplay3[6] ; 8.213  ;       ;        ; 8.173 ;
; iSelect[2] ; oDisplay4[1] ;        ; 8.084 ; 8.706  ;       ;
; iSelect[2] ; oDisplay4[2] ;        ; 8.387 ; 9.125  ;       ;
; iSelect[2] ; oDisplay4[5] ;        ; 8.339 ; 9.014  ;       ;
; iSelect[2] ; oDisplay4[6] ;        ; 8.340 ; 9.005  ;       ;
; iSelect[2] ; oDisplay5[1] ;        ; 8.253 ; 8.835  ;       ;
; iSelect[2] ; oDisplay5[2] ;        ; 8.066 ; 8.596  ;       ;
; iSelect[2] ; oDisplay5[5] ;        ; 7.551 ; 7.909  ;       ;
; iSelect[2] ; oDisplay5[6] ;        ; 7.290 ; 7.604  ;       ;
; iSelect[2] ; oDisplay6[1] ;        ; 7.644 ; 8.002  ;       ;
; iSelect[2] ; oDisplay6[2] ;        ; 7.857 ; 8.326  ;       ;
; iSelect[2] ; oDisplay6[5] ;        ; 9.543 ; 10.325 ;       ;
; iSelect[2] ; oDisplay6[6] ;        ; 7.889 ; 8.368  ;       ;
+------------+--------------+--------+-------+--------+-------+


+-----------------------------------------------------------+
; Minimum Propagation Delay                                 ;
+------------+--------------+-------+-------+-------+-------+
; Input Port ; Output Port  ; RR    ; RF    ; FR    ; FF    ;
+------------+--------------+-------+-------+-------+-------+
; iSelect[0] ; oDisplay1[1] ;       ; 3.785 ; 4.357 ;       ;
; iSelect[0] ; oDisplay1[2] ;       ; 3.786 ; 4.357 ;       ;
; iSelect[0] ; oDisplay1[5] ;       ; 3.837 ; 4.440 ;       ;
; iSelect[0] ; oDisplay1[6] ;       ; 3.921 ; 4.520 ;       ;
; iSelect[0] ; oDisplay2[1] ; 3.911 ;       ;       ; 4.194 ;
; iSelect[0] ; oDisplay2[2] ; 3.948 ;       ;       ; 4.225 ;
; iSelect[0] ; oDisplay2[5] ; 4.019 ;       ;       ; 4.260 ;
; iSelect[0] ; oDisplay2[6] ; 4.110 ;       ;       ; 4.389 ;
; iSelect[0] ; oDisplay3[1] ;       ; 3.777 ; 4.434 ;       ;
; iSelect[0] ; oDisplay3[2] ;       ; 3.678 ; 4.330 ;       ;
; iSelect[0] ; oDisplay3[5] ;       ; 3.887 ; 4.544 ;       ;
; iSelect[0] ; oDisplay3[6] ;       ; 3.771 ; 4.398 ;       ;
; iSelect[0] ; oDisplay4[1] ; 4.049 ;       ;       ; 4.235 ;
; iSelect[0] ; oDisplay4[2] ; 4.342 ;       ;       ; 4.435 ;
; iSelect[0] ; oDisplay4[5] ; 4.220 ;       ;       ; 4.378 ;
; iSelect[0] ; oDisplay4[6] ; 4.205 ;       ;       ; 4.392 ;
; iSelect[0] ; oDisplay5[1] ;       ; 3.894 ; 4.586 ;       ;
; iSelect[0] ; oDisplay5[2] ;       ; 3.821 ; 4.487 ;       ;
; iSelect[0] ; oDisplay5[5] ;       ; 3.524 ; 4.134 ;       ;
; iSelect[0] ; oDisplay5[6] ;       ; 3.389 ; 3.961 ;       ;
; iSelect[0] ; oDisplay6[1] ; 3.708 ;       ;       ; 3.999 ;
; iSelect[0] ; oDisplay6[2] ; 3.867 ;       ;       ; 4.141 ;
; iSelect[0] ; oDisplay6[5] ; 5.007 ;       ;       ; 5.010 ;
; iSelect[0] ; oDisplay6[6] ; 3.921 ;       ;       ; 4.165 ;
; iSelect[1] ; oDisplay1[1] ; 3.825 ;       ;       ; 4.154 ;
; iSelect[1] ; oDisplay1[2] ; 3.825 ;       ;       ; 4.155 ;
; iSelect[1] ; oDisplay1[5] ; 3.908 ;       ;       ; 4.206 ;
; iSelect[1] ; oDisplay1[6] ; 3.988 ;       ;       ; 4.290 ;
; iSelect[1] ; oDisplay2[1] ;       ; 3.659 ; 4.277 ;       ;
; iSelect[1] ; oDisplay2[2] ;       ; 3.690 ; 4.314 ;       ;
; iSelect[1] ; oDisplay2[5] ;       ; 3.725 ; 4.385 ;       ;
; iSelect[1] ; oDisplay2[6] ;       ; 3.854 ; 4.476 ;       ;
; iSelect[1] ; oDisplay3[1] ;       ; 3.696 ; 4.350 ;       ;
; iSelect[1] ; oDisplay3[2] ;       ; 3.597 ; 4.246 ;       ;
; iSelect[1] ; oDisplay3[5] ;       ; 3.806 ; 4.460 ;       ;
; iSelect[1] ; oDisplay3[6] ;       ; 3.690 ; 4.314 ;       ;
; iSelect[1] ; oDisplay4[1] ; 3.969 ;       ;       ; 4.151 ;
; iSelect[1] ; oDisplay4[2] ; 4.262 ;       ;       ; 4.351 ;
; iSelect[1] ; oDisplay4[5] ; 4.140 ;       ;       ; 4.294 ;
; iSelect[1] ; oDisplay4[6] ; 4.125 ;       ;       ; 4.308 ;
; iSelect[1] ; oDisplay5[1] ; 4.055 ;       ;       ; 4.261 ;
; iSelect[1] ; oDisplay5[2] ; 3.956 ;       ;       ; 4.188 ;
; iSelect[1] ; oDisplay5[5] ; 3.603 ;       ;       ; 3.891 ;
; iSelect[1] ; oDisplay5[6] ; 3.430 ;       ;       ; 3.756 ;
; iSelect[1] ; oDisplay6[1] ;       ; 3.465 ; 4.072 ;       ;
; iSelect[1] ; oDisplay6[2] ;       ; 3.607 ; 4.231 ;       ;
; iSelect[1] ; oDisplay6[5] ;       ; 4.476 ; 5.371 ;       ;
; iSelect[1] ; oDisplay6[6] ;       ; 3.631 ; 4.285 ;       ;
; iSelect[2] ; oDisplay1[1] ; 3.899 ;       ;       ; 4.271 ;
; iSelect[2] ; oDisplay1[2] ; 3.899 ;       ;       ; 4.272 ;
; iSelect[2] ; oDisplay1[5] ; 3.982 ;       ;       ; 4.323 ;
; iSelect[2] ; oDisplay1[6] ; 4.062 ;       ;       ; 4.407 ;
; iSelect[2] ; oDisplay2[1] ; 3.909 ;       ;       ; 4.234 ;
; iSelect[2] ; oDisplay2[2] ; 3.946 ;       ;       ; 4.265 ;
; iSelect[2] ; oDisplay2[5] ; 4.017 ;       ;       ; 4.300 ;
; iSelect[2] ; oDisplay2[6] ; 4.108 ;       ;       ; 4.429 ;
; iSelect[2] ; oDisplay3[1] ; 3.976 ;       ;       ; 4.263 ;
; iSelect[2] ; oDisplay3[2] ; 3.872 ;       ;       ; 4.164 ;
; iSelect[2] ; oDisplay3[5] ; 4.086 ;       ;       ; 4.373 ;
; iSelect[2] ; oDisplay3[6] ; 3.940 ;       ;       ; 4.257 ;
; iSelect[2] ; oDisplay4[1] ;       ; 3.786 ; 4.531 ;       ;
; iSelect[2] ; oDisplay4[2] ;       ; 3.986 ; 4.824 ;       ;
; iSelect[2] ; oDisplay4[5] ;       ; 3.929 ; 4.702 ;       ;
; iSelect[2] ; oDisplay4[6] ;       ; 3.943 ; 4.687 ;       ;
; iSelect[2] ; oDisplay5[1] ;       ; 3.897 ; 4.611 ;       ;
; iSelect[2] ; oDisplay5[2] ;       ; 3.824 ; 4.512 ;       ;
; iSelect[2] ; oDisplay5[5] ;       ; 3.527 ; 4.159 ;       ;
; iSelect[2] ; oDisplay5[6] ;       ; 3.392 ; 3.986 ;       ;
; iSelect[2] ; oDisplay6[1] ;       ; 3.553 ; 4.189 ;       ;
; iSelect[2] ; oDisplay6[2] ;       ; 3.695 ; 4.348 ;       ;
; iSelect[2] ; oDisplay6[5] ;       ; 4.564 ; 5.488 ;       ;
; iSelect[2] ; oDisplay6[6] ;       ; 3.719 ; 4.402 ;       ;
+------------+--------------+-------+-------+-------+-------+


+-----------------------------------------------------------------------------------------------------------------------------------------------------------------------------------------------------------------------------------------------------------------------------------------------------------------------------------------------------------------------------------------------------------------+
; Board Trace Model Assignments                                                                                                                                                                                                                                                                                                                                                                                   ;
+--------------+--------------+-------------------+-------------------------+-------------------------+---------------+---------------------+----------------+------------------+--------+------------------+------------------------+------------------------+--------------+---------------+-----------------+-------+---------------------+--------------------+---------------+-----------------+-------------+
; Pin          ; I/O Standard ; Near Tline Length ; Near Tline L per Length ; Near Tline C per Length ; Near Series R ; Near Differential R ; Near Pull-up R ; Near Pull-down R ; Near C ; Far Tline Length ; Far Tline L per Length ; Far Tline C per Length ; Far Series R ; Far Pull-up R ; Far Pull-down R ; Far C ; Termination Voltage ; Far Differential R ; EBD File Name ; EBD Signal Name ; EBD Far-end ;
+--------------+--------------+-------------------+-------------------------+-------------------------+---------------+---------------------+----------------+------------------+--------+------------------+------------------------+------------------------+--------------+---------------+-----------------+-------+---------------------+--------------------+---------------+-----------------+-------------+
; oDisplay1[0] ; 2.5 V        ; 0 in              ; 0 H/in                  ; 0 F/in                  ; short         ; -                   ; open           ; open             ; open   ; 0 in             ; 0 H/in                 ; 0 F/in                 ; short        ; open          ; open            ; open  ; 0 V                 ; -                  ; n/a           ; n/a             ; n/a         ;
; oDisplay1[1] ; 2.5 V        ; 0 in              ; 0 H/in                  ; 0 F/in                  ; short         ; -                   ; open           ; open             ; open   ; 0 in             ; 0 H/in                 ; 0 F/in                 ; short        ; open          ; open            ; open  ; 0 V                 ; -                  ; n/a           ; n/a             ; n/a         ;
; oDisplay1[2] ; 2.5 V        ; 0 in              ; 0 H/in                  ; 0 F/in                  ; short         ; -                   ; open           ; open             ; open   ; 0 in             ; 0 H/in                 ; 0 F/in                 ; short        ; open          ; open            ; open  ; 0 V                 ; -                  ; n/a           ; n/a             ; n/a         ;
; oDisplay1[3] ; 2.5 V        ; 0 in              ; 0 H/in                  ; 0 F/in                  ; short         ; -                   ; open           ; open             ; open   ; 0 in             ; 0 H/in                 ; 0 F/in                 ; short        ; open          ; open            ; open  ; 0 V                 ; -                  ; n/a           ; n/a             ; n/a         ;
; oDisplay1[4] ; 2.5 V        ; 0 in              ; 0 H/in                  ; 0 F/in                  ; short         ; -                   ; open           ; open             ; open   ; 0 in             ; 0 H/in                 ; 0 F/in                 ; short        ; open          ; open            ; open  ; 0 V                 ; -                  ; n/a           ; n/a             ; n/a         ;
; oDisplay1[5] ; 2.5 V        ; 0 in              ; 0 H/in                  ; 0 F/in                  ; short         ; -                   ; open           ; open             ; open   ; 0 in             ; 0 H/in                 ; 0 F/in                 ; short        ; open          ; open            ; open  ; 0 V                 ; -                  ; n/a           ; n/a             ; n/a         ;
; oDisplay1[6] ; 2.5 V        ; 0 in              ; 0 H/in                  ; 0 F/in                  ; short         ; -                   ; open           ; open             ; open   ; 0 in             ; 0 H/in                 ; 0 F/in                 ; short        ; open          ; open            ; open  ; 0 V                 ; -                  ; n/a           ; n/a             ; n/a         ;
; oDisplay2[0] ; 2.5 V        ; 0 in              ; 0 H/in                  ; 0 F/in                  ; short         ; -                   ; open           ; open             ; open   ; 0 in             ; 0 H/in                 ; 0 F/in                 ; short        ; open          ; open            ; open  ; 0 V                 ; -                  ; n/a           ; n/a             ; n/a         ;
; oDisplay2[1] ; 2.5 V        ; 0 in              ; 0 H/in                  ; 0 F/in                  ; short         ; -                   ; open           ; open             ; open   ; 0 in             ; 0 H/in                 ; 0 F/in                 ; short        ; open          ; open            ; open  ; 0 V                 ; -                  ; n/a           ; n/a             ; n/a         ;
; oDisplay2[2] ; 2.5 V        ; 0 in              ; 0 H/in                  ; 0 F/in                  ; short         ; -                   ; open           ; open             ; open   ; 0 in             ; 0 H/in                 ; 0 F/in                 ; short        ; open          ; open            ; open  ; 0 V                 ; -                  ; n/a           ; n/a             ; n/a         ;
; oDisplay2[3] ; 2.5 V        ; 0 in              ; 0 H/in                  ; 0 F/in                  ; short         ; -                   ; open           ; open             ; open   ; 0 in             ; 0 H/in                 ; 0 F/in                 ; short        ; open          ; open            ; open  ; 0 V                 ; -                  ; n/a           ; n/a             ; n/a         ;
; oDisplay2[4] ; 2.5 V        ; 0 in              ; 0 H/in                  ; 0 F/in                  ; short         ; -                   ; open           ; open             ; open   ; 0 in             ; 0 H/in                 ; 0 F/in                 ; short        ; open          ; open            ; open  ; 0 V                 ; -                  ; n/a           ; n/a             ; n/a         ;
; oDisplay2[5] ; 2.5 V        ; 0 in              ; 0 H/in                  ; 0 F/in                  ; short         ; -                   ; open           ; open             ; open   ; 0 in             ; 0 H/in                 ; 0 F/in                 ; short        ; open          ; open            ; open  ; 0 V                 ; -                  ; n/a           ; n/a             ; n/a         ;
; oDisplay2[6] ; 2.5 V        ; 0 in              ; 0 H/in                  ; 0 F/in                  ; short         ; -                   ; open           ; open             ; open   ; 0 in             ; 0 H/in                 ; 0 F/in                 ; short        ; open          ; open            ; open  ; 0 V                 ; -                  ; n/a           ; n/a             ; n/a         ;
; oDisplay3[0] ; 2.5 V        ; 0 in              ; 0 H/in                  ; 0 F/in                  ; short         ; -                   ; open           ; open             ; open   ; 0 in             ; 0 H/in                 ; 0 F/in                 ; short        ; open          ; open            ; open  ; 0 V                 ; -                  ; n/a           ; n/a             ; n/a         ;
; oDisplay3[1] ; 2.5 V        ; 0 in              ; 0 H/in                  ; 0 F/in                  ; short         ; -                   ; open           ; open             ; open   ; 0 in             ; 0 H/in                 ; 0 F/in                 ; short        ; open          ; open            ; open  ; 0 V                 ; -                  ; n/a           ; n/a             ; n/a         ;
; oDisplay3[2] ; 2.5 V        ; 0 in              ; 0 H/in                  ; 0 F/in                  ; short         ; -                   ; open           ; open             ; open   ; 0 in             ; 0 H/in                 ; 0 F/in                 ; short        ; open          ; open            ; open  ; 0 V                 ; -                  ; n/a           ; n/a             ; n/a         ;
; oDisplay3[3] ; 2.5 V        ; 0 in              ; 0 H/in                  ; 0 F/in                  ; short         ; -                   ; open           ; open             ; open   ; 0 in             ; 0 H/in                 ; 0 F/in                 ; short        ; open          ; open            ; open  ; 0 V                 ; -                  ; n/a           ; n/a             ; n/a         ;
; oDisplay3[4] ; 2.5 V        ; 0 in              ; 0 H/in                  ; 0 F/in                  ; short         ; -                   ; open           ; open             ; open   ; 0 in             ; 0 H/in                 ; 0 F/in                 ; short        ; open          ; open            ; open  ; 0 V                 ; -                  ; n/a           ; n/a             ; n/a         ;
; oDisplay3[5] ; 2.5 V        ; 0 in              ; 0 H/in                  ; 0 F/in                  ; short         ; -                   ; open           ; open             ; open   ; 0 in             ; 0 H/in                 ; 0 F/in                 ; short        ; open          ; open            ; open  ; 0 V                 ; -                  ; n/a           ; n/a             ; n/a         ;
; oDisplay3[6] ; 2.5 V        ; 0 in              ; 0 H/in                  ; 0 F/in                  ; short         ; -                   ; open           ; open             ; open   ; 0 in             ; 0 H/in                 ; 0 F/in                 ; short        ; open          ; open            ; open  ; 0 V                 ; -                  ; n/a           ; n/a             ; n/a         ;
; oDisplay4[0] ; 2.5 V        ; 0 in              ; 0 H/in                  ; 0 F/in                  ; short         ; -                   ; open           ; open             ; open   ; 0 in             ; 0 H/in                 ; 0 F/in                 ; short        ; open          ; open            ; open  ; 0 V                 ; -                  ; n/a           ; n/a             ; n/a         ;
; oDisplay4[1] ; 2.5 V        ; 0 in              ; 0 H/in                  ; 0 F/in                  ; short         ; -                   ; open           ; open             ; open   ; 0 in             ; 0 H/in                 ; 0 F/in                 ; short        ; open          ; open            ; open  ; 0 V                 ; -                  ; n/a           ; n/a             ; n/a         ;
; oDisplay4[2] ; 2.5 V        ; 0 in              ; 0 H/in                  ; 0 F/in                  ; short         ; -                   ; open           ; open             ; open   ; 0 in             ; 0 H/in                 ; 0 F/in                 ; short        ; open          ; open            ; open  ; 0 V                 ; -                  ; n/a           ; n/a             ; n/a         ;
; oDisplay4[3] ; 2.5 V        ; 0 in              ; 0 H/in                  ; 0 F/in                  ; short         ; -                   ; open           ; open             ; open   ; 0 in             ; 0 H/in                 ; 0 F/in                 ; short        ; open          ; open            ; open  ; 0 V                 ; -                  ; n/a           ; n/a             ; n/a         ;
; oDisplay4[4] ; 2.5 V        ; 0 in              ; 0 H/in                  ; 0 F/in                  ; short         ; -                   ; open           ; open             ; open   ; 0 in             ; 0 H/in                 ; 0 F/in                 ; short        ; open          ; open            ; open  ; 0 V                 ; -                  ; n/a           ; n/a             ; n/a         ;
; oDisplay4[5] ; 2.5 V        ; 0 in              ; 0 H/in                  ; 0 F/in                  ; short         ; -                   ; open           ; open             ; open   ; 0 in             ; 0 H/in                 ; 0 F/in                 ; short        ; open          ; open            ; open  ; 0 V                 ; -                  ; n/a           ; n/a             ; n/a         ;
; oDisplay4[6] ; 2.5 V        ; 0 in              ; 0 H/in                  ; 0 F/in                  ; short         ; -                   ; open           ; open             ; open   ; 0 in             ; 0 H/in                 ; 0 F/in                 ; short        ; open          ; open            ; open  ; 0 V                 ; -                  ; n/a           ; n/a             ; n/a         ;
; oDisplay5[0] ; 2.5 V        ; 0 in              ; 0 H/in                  ; 0 F/in                  ; short         ; -                   ; open           ; open             ; open   ; 0 in             ; 0 H/in                 ; 0 F/in                 ; short        ; open          ; open            ; open  ; 0 V                 ; -                  ; n/a           ; n/a             ; n/a         ;
; oDisplay5[1] ; 2.5 V        ; 0 in              ; 0 H/in                  ; 0 F/in                  ; short         ; -                   ; open           ; open             ; open   ; 0 in             ; 0 H/in                 ; 0 F/in                 ; short        ; open          ; open            ; open  ; 0 V                 ; -                  ; n/a           ; n/a             ; n/a         ;
; oDisplay5[2] ; 2.5 V        ; 0 in              ; 0 H/in                  ; 0 F/in                  ; short         ; -                   ; open           ; open             ; open   ; 0 in             ; 0 H/in                 ; 0 F/in                 ; short        ; open          ; open            ; open  ; 0 V                 ; -                  ; n/a           ; n/a             ; n/a         ;
; oDisplay5[3] ; 2.5 V        ; 0 in              ; 0 H/in                  ; 0 F/in                  ; short         ; -                   ; open           ; open             ; open   ; 0 in             ; 0 H/in                 ; 0 F/in                 ; short        ; open          ; open            ; open  ; 0 V                 ; -                  ; n/a           ; n/a             ; n/a         ;
; oDisplay5[4] ; 2.5 V        ; 0 in              ; 0 H/in                  ; 0 F/in                  ; short         ; -                   ; open           ; open             ; open   ; 0 in             ; 0 H/in                 ; 0 F/in                 ; short        ; open          ; open            ; open  ; 0 V                 ; -                  ; n/a           ; n/a             ; n/a         ;
; oDisplay5[5] ; 2.5 V        ; 0 in              ; 0 H/in                  ; 0 F/in                  ; short         ; -                   ; open           ; open             ; open   ; 0 in             ; 0 H/in                 ; 0 F/in                 ; short        ; open          ; open            ; open  ; 0 V                 ; -                  ; n/a           ; n/a             ; n/a         ;
; oDisplay5[6] ; 2.5 V        ; 0 in              ; 0 H/in                  ; 0 F/in                  ; short         ; -                   ; open           ; open             ; open   ; 0 in             ; 0 H/in                 ; 0 F/in                 ; short        ; open          ; open            ; open  ; 0 V                 ; -                  ; n/a           ; n/a             ; n/a         ;
; oDisplay6[0] ; 2.5 V        ; 0 in              ; 0 H/in                  ; 0 F/in                  ; short         ; -                   ; open           ; open             ; open   ; 0 in             ; 0 H/in                 ; 0 F/in                 ; short        ; open          ; open            ; open  ; 0 V                 ; -                  ; n/a           ; n/a             ; n/a         ;
; oDisplay6[1] ; 2.5 V        ; 0 in              ; 0 H/in                  ; 0 F/in                  ; short         ; -                   ; open           ; open             ; open   ; 0 in             ; 0 H/in                 ; 0 F/in                 ; short        ; open          ; open            ; open  ; 0 V                 ; -                  ; n/a           ; n/a             ; n/a         ;
; oDisplay6[2] ; 2.5 V        ; 0 in              ; 0 H/in                  ; 0 F/in                  ; short         ; -                   ; open           ; open             ; open   ; 0 in             ; 0 H/in                 ; 0 F/in                 ; short        ; open          ; open            ; open  ; 0 V                 ; -                  ; n/a           ; n/a             ; n/a         ;
; oDisplay6[3] ; 2.5 V        ; 0 in              ; 0 H/in                  ; 0 F/in                  ; short         ; -                   ; open           ; open             ; open   ; 0 in             ; 0 H/in                 ; 0 F/in                 ; short        ; open          ; open            ; open  ; 0 V                 ; -                  ; n/a           ; n/a             ; n/a         ;
; oDisplay6[4] ; 2.5 V        ; 0 in              ; 0 H/in                  ; 0 F/in                  ; short         ; -                   ; open           ; open             ; open   ; 0 in             ; 0 H/in                 ; 0 F/in                 ; short        ; open          ; open            ; open  ; 0 V                 ; -                  ; n/a           ; n/a             ; n/a         ;
; oDisplay6[5] ; 2.5 V        ; 0 in              ; 0 H/in                  ; 0 F/in                  ; short         ; -                   ; open           ; open             ; open   ; 0 in             ; 0 H/in                 ; 0 F/in                 ; short        ; open          ; open            ; open  ; 0 V                 ; -                  ; n/a           ; n/a             ; n/a         ;
; oDisplay6[6] ; 2.5 V        ; 0 in              ; 0 H/in                  ; 0 F/in                  ; short         ; -                   ; open           ; open             ; open   ; 0 in             ; 0 H/in                 ; 0 F/in                 ; short        ; open          ; open            ; open  ; 0 V                 ; -                  ; n/a           ; n/a             ; n/a         ;
+--------------+--------------+-------------------+-------------------------+-------------------------+---------------+---------------------+----------------+------------------+--------+------------------+------------------------+------------------------+--------------+---------------+-----------------+-------+---------------------+--------------------+---------------+-----------------+-------------+


+---------------------------------------------------------------+
; Input Transition Times                                        ;
+------------+--------------+-----------------+-----------------+
; Pin        ; I/O Standard ; 10-90 Rise Time ; 90-10 Fall Time ;
+------------+--------------+-----------------+-----------------+
; iSelect[2] ; 2.5 V        ; 2000 ps         ; 2000 ps         ;
; iSelect[0] ; 2.5 V        ; 2000 ps         ; 2000 ps         ;
; iSelect[1] ; 2.5 V        ; 2000 ps         ; 2000 ps         ;
+------------+--------------+-----------------+-----------------+


+-------------------------------------------------------------------------------------------------------------------------------------------------------------------------------------------------------------------------------------------------------------------------------------------------------------------------------------------------------------------------------------------------------------------------------------------------------------------------------------------------------------------------------------------------------------------------------------------------------------------------------------------------------------------------------------------+
; Signal Integrity Metrics (Slow 1100mv 0c Model)                                                                                                                                                                                                                                                                                                                                                                                                                                                                                                                                                                                                                                           ;
+--------------+--------------+---------------------+---------------------+------------------------------+------------------------------+---------------------+---------------------+--------------------------------------+--------------------------------------+-----------------------------+-----------------------------+----------------------------+----------------------------+-----------------------------+-----------------------------+--------------------+--------------------+-------------------------------------+-------------------------------------+----------------------------+----------------------------+---------------------------+---------------------------+
; Pin          ; I/O Standard ; Board Delay on Rise ; Board Delay on Fall ; Steady State Voh at FPGA Pin ; Steady State Vol at FPGA Pin ; Voh Max at FPGA Pin ; Vol Min at FPGA Pin ; Ringback Voltage on Rise at FPGA Pin ; Ringback Voltage on Fall at FPGA Pin ; 10-90 Rise Time at FPGA Pin ; 90-10 Fall Time at FPGA Pin ; Monotonic Rise at FPGA Pin ; Monotonic Fall at FPGA Pin ; Steady State Voh at Far-end ; Steady State Vol at Far-end ; Voh Max at Far-end ; Vol Min at Far-end ; Ringback Voltage on Rise at Far-end ; Ringback Voltage on Fall at Far-end ; 10-90 Rise Time at Far-end ; 90-10 Fall Time at Far-end ; Monotonic Rise at Far-end ; Monotonic Fall at Far-end ;
+--------------+--------------+---------------------+---------------------+------------------------------+------------------------------+---------------------+---------------------+--------------------------------------+--------------------------------------+-----------------------------+-----------------------------+----------------------------+----------------------------+-----------------------------+-----------------------------+--------------------+--------------------+-------------------------------------+-------------------------------------+----------------------------+----------------------------+---------------------------+---------------------------+
; oDisplay1[0] ; 2.5 V        ; 0 s                 ; 0 s                 ; 2.32 V                       ; 2.15e-07 V                   ; 2.41 V              ; -0.0495 V           ; 0.18 V                               ; 0.115 V                              ; 4.54e-10 s                  ; 4.44e-10 s                  ; No                         ; Yes                        ; 2.32 V                      ; 2.15e-07 V                  ; 2.41 V             ; -0.0495 V          ; 0.18 V                              ; 0.115 V                             ; 4.54e-10 s                 ; 4.44e-10 s                 ; No                        ; Yes                       ;
; oDisplay1[1] ; 2.5 V        ; 0 s                 ; 0 s                 ; 2.32 V                       ; 2.15e-07 V                   ; 2.41 V              ; -0.0492 V           ; 0.181 V                              ; 0.116 V                              ; 4.54e-10 s                  ; 4.44e-10 s                  ; No                         ; Yes                        ; 2.32 V                      ; 2.15e-07 V                  ; 2.41 V             ; -0.0492 V          ; 0.181 V                             ; 0.116 V                             ; 4.54e-10 s                 ; 4.44e-10 s                 ; No                        ; Yes                       ;
; oDisplay1[2] ; 2.5 V        ; 0 s                 ; 0 s                 ; 2.32 V                       ; 2.15e-07 V                   ; 2.41 V              ; -0.0492 V           ; 0.181 V                              ; 0.116 V                              ; 4.54e-10 s                  ; 4.44e-10 s                  ; No                         ; Yes                        ; 2.32 V                      ; 2.15e-07 V                  ; 2.41 V             ; -0.0492 V          ; 0.181 V                             ; 0.116 V                             ; 4.54e-10 s                 ; 4.44e-10 s                 ; No                        ; Yes                       ;
; oDisplay1[3] ; 2.5 V        ; 0 s                 ; 0 s                 ; 2.32 V                       ; 2.15e-07 V                   ; 2.41 V              ; -0.0492 V           ; 0.181 V                              ; 0.116 V                              ; 4.54e-10 s                  ; 4.44e-10 s                  ; No                         ; Yes                        ; 2.32 V                      ; 2.15e-07 V                  ; 2.41 V             ; -0.0492 V          ; 0.181 V                             ; 0.116 V                             ; 4.54e-10 s                 ; 4.44e-10 s                 ; No                        ; Yes                       ;
; oDisplay1[4] ; 2.5 V        ; 0 s                 ; 0 s                 ; 2.32 V                       ; 2.15e-07 V                   ; 2.41 V              ; -0.0495 V           ; 0.18 V                               ; 0.115 V                              ; 4.54e-10 s                  ; 4.44e-10 s                  ; No                         ; Yes                        ; 2.32 V                      ; 2.15e-07 V                  ; 2.41 V             ; -0.0495 V          ; 0.18 V                              ; 0.115 V                             ; 4.54e-10 s                 ; 4.44e-10 s                 ; No                        ; Yes                       ;
; oDisplay1[5] ; 2.5 V        ; 0 s                 ; 0 s                 ; 2.32 V                       ; 2.15e-07 V                   ; 2.41 V              ; -0.0495 V           ; 0.18 V                               ; 0.115 V                              ; 4.54e-10 s                  ; 4.44e-10 s                  ; No                         ; Yes                        ; 2.32 V                      ; 2.15e-07 V                  ; 2.41 V             ; -0.0495 V          ; 0.18 V                              ; 0.115 V                             ; 4.54e-10 s                 ; 4.44e-10 s                 ; No                        ; Yes                       ;
; oDisplay1[6] ; 2.5 V        ; 0 s                 ; 0 s                 ; 2.32 V                       ; 2.15e-07 V                   ; 2.41 V              ; -0.0492 V           ; 0.181 V                              ; 0.116 V                              ; 4.54e-10 s                  ; 4.44e-10 s                  ; No                         ; Yes                        ; 2.32 V                      ; 2.15e-07 V                  ; 2.41 V             ; -0.0492 V          ; 0.181 V                             ; 0.116 V                             ; 4.54e-10 s                 ; 4.44e-10 s                 ; No                        ; Yes                       ;
; oDisplay2[0] ; 2.5 V        ; 0 s                 ; 0 s                 ; 2.32 V                       ; 2.15e-07 V                   ; 2.41 V              ; -0.0492 V           ; 0.181 V                              ; 0.116 V                              ; 4.54e-10 s                  ; 4.44e-10 s                  ; No                         ; Yes                        ; 2.32 V                      ; 2.15e-07 V                  ; 2.41 V             ; -0.0492 V          ; 0.181 V                             ; 0.116 V                             ; 4.54e-10 s                 ; 4.44e-10 s                 ; No                        ; Yes                       ;
; oDisplay2[1] ; 2.5 V        ; 0 s                 ; 0 s                 ; 2.32 V                       ; 2.15e-07 V                   ; 2.41 V              ; -0.0495 V           ; 0.18 V                               ; 0.115 V                              ; 4.54e-10 s                  ; 4.44e-10 s                  ; No                         ; Yes                        ; 2.32 V                      ; 2.15e-07 V                  ; 2.41 V             ; -0.0495 V          ; 0.18 V                              ; 0.115 V                             ; 4.54e-10 s                 ; 4.44e-10 s                 ; No                        ; Yes                       ;
; oDisplay2[2] ; 2.5 V        ; 0 s                 ; 0 s                 ; 2.32 V                       ; 2.15e-07 V                   ; 2.41 V              ; -0.0495 V           ; 0.18 V                               ; 0.115 V                              ; 4.54e-10 s                  ; 4.44e-10 s                  ; No                         ; Yes                        ; 2.32 V                      ; 2.15e-07 V                  ; 2.41 V             ; -0.0495 V          ; 0.18 V                              ; 0.115 V                             ; 4.54e-10 s                 ; 4.44e-10 s                 ; No                        ; Yes                       ;
; oDisplay2[3] ; 2.5 V        ; 0 s                 ; 0 s                 ; 2.32 V                       ; 2.15e-07 V                   ; 2.41 V              ; -0.0492 V           ; 0.181 V                              ; 0.116 V                              ; 4.54e-10 s                  ; 4.44e-10 s                  ; No                         ; Yes                        ; 2.32 V                      ; 2.15e-07 V                  ; 2.41 V             ; -0.0492 V          ; 0.181 V                             ; 0.116 V                             ; 4.54e-10 s                 ; 4.44e-10 s                 ; No                        ; Yes                       ;
; oDisplay2[4] ; 2.5 V        ; 0 s                 ; 0 s                 ; 2.32 V                       ; 2.15e-07 V                   ; 2.41 V              ; -0.0492 V           ; 0.181 V                              ; 0.116 V                              ; 4.54e-10 s                  ; 4.44e-10 s                  ; No                         ; Yes                        ; 2.32 V                      ; 2.15e-07 V                  ; 2.41 V             ; -0.0492 V          ; 0.181 V                             ; 0.116 V                             ; 4.54e-10 s                 ; 4.44e-10 s                 ; No                        ; Yes                       ;
; oDisplay2[5] ; 2.5 V        ; 0 s                 ; 0 s                 ; 2.32 V                       ; 2.15e-07 V                   ; 2.41 V              ; -0.0495 V           ; 0.18 V                               ; 0.115 V                              ; 4.54e-10 s                  ; 4.44e-10 s                  ; No                         ; Yes                        ; 2.32 V                      ; 2.15e-07 V                  ; 2.41 V             ; -0.0495 V          ; 0.18 V                              ; 0.115 V                             ; 4.54e-10 s                 ; 4.44e-10 s                 ; No                        ; Yes                       ;
; oDisplay2[6] ; 2.5 V        ; 0 s                 ; 0 s                 ; 2.32 V                       ; 2.15e-07 V                   ; 2.41 V              ; -0.0495 V           ; 0.18 V                               ; 0.115 V                              ; 4.54e-10 s                  ; 4.44e-10 s                  ; No                         ; Yes                        ; 2.32 V                      ; 2.15e-07 V                  ; 2.41 V             ; -0.0495 V          ; 0.18 V                              ; 0.115 V                             ; 4.54e-10 s                 ; 4.44e-10 s                 ; No                        ; Yes                       ;
; oDisplay3[0] ; 2.5 V        ; 0 s                 ; 0 s                 ; 2.32 V                       ; 2.19e-07 V                   ; 2.4 V               ; -0.039 V            ; 0.21 V                               ; 0.145 V                              ; 4.67e-10 s                  ; 4.63e-10 s                  ; No                         ; Yes                        ; 2.32 V                      ; 2.19e-07 V                  ; 2.4 V              ; -0.039 V           ; 0.21 V                              ; 0.145 V                             ; 4.67e-10 s                 ; 4.63e-10 s                 ; No                        ; Yes                       ;
; oDisplay3[1] ; 2.5 V        ; 0 s                 ; 0 s                 ; 2.32 V                       ; 2.15e-07 V                   ; 2.41 V              ; -0.0495 V           ; 0.18 V                               ; 0.115 V                              ; 4.54e-10 s                  ; 4.44e-10 s                  ; No                         ; Yes                        ; 2.32 V                      ; 2.15e-07 V                  ; 2.41 V             ; -0.0495 V          ; 0.18 V                              ; 0.115 V                             ; 4.54e-10 s                 ; 4.44e-10 s                 ; No                        ; Yes                       ;
; oDisplay3[2] ; 2.5 V        ; 0 s                 ; 0 s                 ; 2.32 V                       ; 2.15e-07 V                   ; 2.41 V              ; -0.0495 V           ; 0.18 V                               ; 0.115 V                              ; 4.54e-10 s                  ; 4.44e-10 s                  ; No                         ; Yes                        ; 2.32 V                      ; 2.15e-07 V                  ; 2.41 V             ; -0.0495 V          ; 0.18 V                              ; 0.115 V                             ; 4.54e-10 s                 ; 4.44e-10 s                 ; No                        ; Yes                       ;
; oDisplay3[3] ; 2.5 V        ; 0 s                 ; 0 s                 ; 2.32 V                       ; 1.88e-07 V                   ; 2.35 V              ; -0.0185 V           ; 0.153 V                              ; 0.099 V                              ; 4.6e-10 s                   ; 4.48e-10 s                  ; No                         ; Yes                        ; 2.32 V                      ; 1.88e-07 V                  ; 2.35 V             ; -0.0185 V          ; 0.153 V                             ; 0.099 V                             ; 4.6e-10 s                  ; 4.48e-10 s                 ; No                        ; Yes                       ;
; oDisplay3[4] ; 2.5 V        ; 0 s                 ; 0 s                 ; 2.32 V                       ; 1.88e-07 V                   ; 2.35 V              ; -0.0185 V           ; 0.153 V                              ; 0.099 V                              ; 4.6e-10 s                   ; 4.48e-10 s                  ; No                         ; Yes                        ; 2.32 V                      ; 1.88e-07 V                  ; 2.35 V             ; -0.0185 V          ; 0.153 V                             ; 0.099 V                             ; 4.6e-10 s                  ; 4.48e-10 s                 ; No                        ; Yes                       ;
; oDisplay3[5] ; 2.5 V        ; 0 s                 ; 0 s                 ; 2.32 V                       ; 2.15e-07 V                   ; 2.41 V              ; -0.0495 V           ; 0.18 V                               ; 0.115 V                              ; 4.54e-10 s                  ; 4.44e-10 s                  ; No                         ; Yes                        ; 2.32 V                      ; 2.15e-07 V                  ; 2.41 V             ; -0.0495 V          ; 0.18 V                              ; 0.115 V                             ; 4.54e-10 s                 ; 4.44e-10 s                 ; No                        ; Yes                       ;
; oDisplay3[6] ; 2.5 V        ; 0 s                 ; 0 s                 ; 2.32 V                       ; 2.15e-07 V                   ; 2.41 V              ; -0.0492 V           ; 0.181 V                              ; 0.116 V                              ; 4.54e-10 s                  ; 4.44e-10 s                  ; No                         ; Yes                        ; 2.32 V                      ; 2.15e-07 V                  ; 2.41 V             ; -0.0492 V          ; 0.181 V                             ; 0.116 V                             ; 4.54e-10 s                 ; 4.44e-10 s                 ; No                        ; Yes                       ;
; oDisplay4[0] ; 2.5 V        ; 0 s                 ; 0 s                 ; 2.32 V                       ; 1.88e-07 V                   ; 2.35 V              ; -0.0185 V           ; 0.153 V                              ; 0.099 V                              ; 4.6e-10 s                   ; 4.48e-10 s                  ; No                         ; Yes                        ; 2.32 V                      ; 1.88e-07 V                  ; 2.35 V             ; -0.0185 V          ; 0.153 V                             ; 0.099 V                             ; 4.6e-10 s                  ; 4.48e-10 s                 ; No                        ; Yes                       ;
; oDisplay4[1] ; 2.5 V        ; 0 s                 ; 0 s                 ; 2.32 V                       ; 2.19e-07 V                   ; 2.4 V               ; -0.039 V            ; 0.21 V                               ; 0.145 V                              ; 4.67e-10 s                  ; 4.63e-10 s                  ; No                         ; Yes                        ; 2.32 V                      ; 2.19e-07 V                  ; 2.4 V              ; -0.039 V           ; 0.21 V                              ; 0.145 V                             ; 4.67e-10 s                 ; 4.63e-10 s                 ; No                        ; Yes                       ;
; oDisplay4[2] ; 2.5 V        ; 0 s                 ; 0 s                 ; 2.32 V                       ; 2.19e-07 V                   ; 2.4 V               ; -0.039 V            ; 0.21 V                               ; 0.145 V                              ; 4.67e-10 s                  ; 4.63e-10 s                  ; No                         ; Yes                        ; 2.32 V                      ; 2.19e-07 V                  ; 2.4 V              ; -0.039 V           ; 0.21 V                              ; 0.145 V                             ; 4.67e-10 s                 ; 4.63e-10 s                 ; No                        ; Yes                       ;
; oDisplay4[3] ; 2.5 V        ; 0 s                 ; 0 s                 ; 2.32 V                       ; 1.88e-07 V                   ; 2.35 V              ; -0.0185 V           ; 0.153 V                              ; 0.099 V                              ; 4.6e-10 s                   ; 4.48e-10 s                  ; No                         ; Yes                        ; 2.32 V                      ; 1.88e-07 V                  ; 2.35 V             ; -0.0185 V          ; 0.153 V                             ; 0.099 V                             ; 4.6e-10 s                  ; 4.48e-10 s                 ; No                        ; Yes                       ;
; oDisplay4[4] ; 2.5 V        ; 0 s                 ; 0 s                 ; 2.32 V                       ; 2.19e-07 V                   ; 2.4 V               ; -0.039 V            ; 0.21 V                               ; 0.145 V                              ; 4.67e-10 s                  ; 4.63e-10 s                  ; No                         ; Yes                        ; 2.32 V                      ; 2.19e-07 V                  ; 2.4 V              ; -0.039 V           ; 0.21 V                              ; 0.145 V                             ; 4.67e-10 s                 ; 4.63e-10 s                 ; No                        ; Yes                       ;
; oDisplay4[5] ; 2.5 V        ; 0 s                 ; 0 s                 ; 2.32 V                       ; 2.19e-07 V                   ; 2.4 V               ; -0.039 V            ; 0.21 V                               ; 0.145 V                              ; 4.67e-10 s                  ; 4.63e-10 s                  ; No                         ; Yes                        ; 2.32 V                      ; 2.19e-07 V                  ; 2.4 V              ; -0.039 V           ; 0.21 V                              ; 0.145 V                             ; 4.67e-10 s                 ; 4.63e-10 s                 ; No                        ; Yes                       ;
; oDisplay4[6] ; 2.5 V        ; 0 s                 ; 0 s                 ; 2.32 V                       ; 1.88e-07 V                   ; 2.35 V              ; -0.0185 V           ; 0.153 V                              ; 0.099 V                              ; 4.6e-10 s                   ; 4.48e-10 s                  ; No                         ; Yes                        ; 2.32 V                      ; 1.88e-07 V                  ; 2.35 V             ; -0.0185 V          ; 0.153 V                             ; 0.099 V                             ; 4.6e-10 s                  ; 4.48e-10 s                 ; No                        ; Yes                       ;
; oDisplay5[0] ; 2.5 V        ; 0 s                 ; 0 s                 ; 2.32 V                       ; 2.15e-07 V                   ; 2.41 V              ; -0.0492 V           ; 0.181 V                              ; 0.116 V                              ; 4.54e-10 s                  ; 4.44e-10 s                  ; No                         ; Yes                        ; 2.32 V                      ; 2.15e-07 V                  ; 2.41 V             ; -0.0492 V          ; 0.181 V                             ; 0.116 V                             ; 4.54e-10 s                 ; 4.44e-10 s                 ; No                        ; Yes                       ;
; oDisplay5[1] ; 2.5 V        ; 0 s                 ; 0 s                 ; 2.32 V                       ; 1.88e-07 V                   ; 2.35 V              ; -0.0185 V           ; 0.153 V                              ; 0.099 V                              ; 4.6e-10 s                   ; 4.48e-10 s                  ; No                         ; Yes                        ; 2.32 V                      ; 1.88e-07 V                  ; 2.35 V             ; -0.0185 V          ; 0.153 V                             ; 0.099 V                             ; 4.6e-10 s                  ; 4.48e-10 s                 ; No                        ; Yes                       ;
; oDisplay5[2] ; 2.5 V        ; 0 s                 ; 0 s                 ; 2.32 V                       ; 1.88e-07 V                   ; 2.35 V              ; -0.0185 V           ; 0.153 V                              ; 0.099 V                              ; 4.6e-10 s                   ; 4.48e-10 s                  ; No                         ; Yes                        ; 2.32 V                      ; 1.88e-07 V                  ; 2.35 V             ; -0.0185 V          ; 0.153 V                             ; 0.099 V                             ; 4.6e-10 s                  ; 4.48e-10 s                 ; No                        ; Yes                       ;
; oDisplay5[3] ; 2.5 V        ; 0 s                 ; 0 s                 ; 2.32 V                       ; 1.88e-07 V                   ; 2.35 V              ; -0.0185 V           ; 0.153 V                              ; 0.099 V                              ; 4.6e-10 s                   ; 4.48e-10 s                  ; No                         ; Yes                        ; 2.32 V                      ; 1.88e-07 V                  ; 2.35 V             ; -0.0185 V          ; 0.153 V                             ; 0.099 V                             ; 4.6e-10 s                  ; 4.48e-10 s                 ; No                        ; Yes                       ;
; oDisplay5[4] ; 2.5 V        ; 0 s                 ; 0 s                 ; 2.32 V                       ; 2.19e-07 V                   ; 2.4 V               ; -0.039 V            ; 0.21 V                               ; 0.145 V                              ; 4.67e-10 s                  ; 4.63e-10 s                  ; No                         ; Yes                        ; 2.32 V                      ; 2.19e-07 V                  ; 2.4 V              ; -0.039 V           ; 0.21 V                              ; 0.145 V                             ; 4.67e-10 s                 ; 4.63e-10 s                 ; No                        ; Yes                       ;
; oDisplay5[5] ; 2.5 V        ; 0 s                 ; 0 s                 ; 2.32 V                       ; 2.19e-07 V                   ; 2.4 V               ; -0.039 V            ; 0.21 V                               ; 0.145 V                              ; 4.67e-10 s                  ; 4.63e-10 s                  ; No                         ; Yes                        ; 2.32 V                      ; 2.19e-07 V                  ; 2.4 V              ; -0.039 V           ; 0.21 V                              ; 0.145 V                             ; 4.67e-10 s                 ; 4.63e-10 s                 ; No                        ; Yes                       ;
; oDisplay5[6] ; 2.5 V        ; 0 s                 ; 0 s                 ; 2.32 V                       ; 1.88e-07 V                   ; 2.35 V              ; -0.0185 V           ; 0.153 V                              ; 0.099 V                              ; 4.6e-10 s                   ; 4.48e-10 s                  ; No                         ; Yes                        ; 2.32 V                      ; 1.88e-07 V                  ; 2.35 V             ; -0.0185 V          ; 0.153 V                             ; 0.099 V                             ; 4.6e-10 s                  ; 4.48e-10 s                 ; No                        ; Yes                       ;
; oDisplay6[0] ; 2.5 V        ; 0 s                 ; 0 s                 ; 2.32 V                       ; 2.19e-07 V                   ; 2.4 V               ; -0.039 V            ; 0.21 V                               ; 0.145 V                              ; 4.67e-10 s                  ; 4.63e-10 s                  ; No                         ; Yes                        ; 2.32 V                      ; 2.19e-07 V                  ; 2.4 V              ; -0.039 V           ; 0.21 V                              ; 0.145 V                             ; 4.67e-10 s                 ; 4.63e-10 s                 ; No                        ; Yes                       ;
; oDisplay6[1] ; 2.5 V        ; 0 s                 ; 0 s                 ; 2.32 V                       ; 1.88e-07 V                   ; 2.35 V              ; -0.0185 V           ; 0.153 V                              ; 0.099 V                              ; 4.6e-10 s                   ; 4.48e-10 s                  ; No                         ; Yes                        ; 2.32 V                      ; 1.88e-07 V                  ; 2.35 V             ; -0.0185 V          ; 0.153 V                             ; 0.099 V                             ; 4.6e-10 s                  ; 4.48e-10 s                 ; No                        ; Yes                       ;
; oDisplay6[2] ; 2.5 V        ; 0 s                 ; 0 s                 ; 2.32 V                       ; 1.88e-07 V                   ; 2.35 V              ; -0.0185 V           ; 0.153 V                              ; 0.099 V                              ; 4.6e-10 s                   ; 4.48e-10 s                  ; No                         ; Yes                        ; 2.32 V                      ; 1.88e-07 V                  ; 2.35 V             ; -0.0185 V          ; 0.153 V                             ; 0.099 V                             ; 4.6e-10 s                  ; 4.48e-10 s                 ; No                        ; Yes                       ;
; oDisplay6[3] ; 2.5 V        ; 0 s                 ; 0 s                 ; 2.32 V                       ; 1.88e-07 V                   ; 2.35 V              ; -0.0185 V           ; 0.153 V                              ; 0.099 V                              ; 4.6e-10 s                   ; 4.48e-10 s                  ; No                         ; Yes                        ; 2.32 V                      ; 1.88e-07 V                  ; 2.35 V             ; -0.0185 V          ; 0.153 V                             ; 0.099 V                             ; 4.6e-10 s                  ; 4.48e-10 s                 ; No                        ; Yes                       ;
; oDisplay6[4] ; 2.5 V        ; 0 s                 ; 0 s                 ; 2.32 V                       ; 2.15e-07 V                   ; 2.41 V              ; -0.0495 V           ; 0.18 V                               ; 0.115 V                              ; 4.54e-10 s                  ; 4.44e-10 s                  ; No                         ; Yes                        ; 2.32 V                      ; 2.15e-07 V                  ; 2.41 V             ; -0.0495 V          ; 0.18 V                              ; 0.115 V                             ; 4.54e-10 s                 ; 4.44e-10 s                 ; No                        ; Yes                       ;
; oDisplay6[5] ; 2.5 V        ; 0 s                 ; 0 s                 ; 2.32 V                       ; 2.15e-07 V                   ; 2.41 V              ; -0.0492 V           ; 0.181 V                              ; 0.116 V                              ; 4.54e-10 s                  ; 4.44e-10 s                  ; No                         ; Yes                        ; 2.32 V                      ; 2.15e-07 V                  ; 2.41 V             ; -0.0492 V          ; 0.181 V                             ; 0.116 V                             ; 4.54e-10 s                 ; 4.44e-10 s                 ; No                        ; Yes                       ;
; oDisplay6[6] ; 2.5 V        ; 0 s                 ; 0 s                 ; 2.32 V                       ; 2.19e-07 V                   ; 2.4 V               ; -0.039 V            ; 0.21 V                               ; 0.145 V                              ; 4.67e-10 s                  ; 4.63e-10 s                  ; No                         ; Yes                        ; 2.32 V                      ; 2.19e-07 V                  ; 2.4 V              ; -0.039 V           ; 0.21 V                              ; 0.145 V                             ; 4.67e-10 s                 ; 4.63e-10 s                 ; No                        ; Yes                       ;
+--------------+--------------+---------------------+---------------------+------------------------------+------------------------------+---------------------+---------------------+--------------------------------------+--------------------------------------+-----------------------------+-----------------------------+----------------------------+----------------------------+-----------------------------+-----------------------------+--------------------+--------------------+-------------------------------------+-------------------------------------+----------------------------+----------------------------+---------------------------+---------------------------+


+-------------------------------------------------------------------------------------------------------------------------------------------------------------------------------------------------------------------------------------------------------------------------------------------------------------------------------------------------------------------------------------------------------------------------------------------------------------------------------------------------------------------------------------------------------------------------------------------------------------------------------------------------------------------------------------------+
; Signal Integrity Metrics (Slow 1100mv 85c Model)                                                                                                                                                                                                                                                                                                                                                                                                                                                                                                                                                                                                                                          ;
+--------------+--------------+---------------------+---------------------+------------------------------+------------------------------+---------------------+---------------------+--------------------------------------+--------------------------------------+-----------------------------+-----------------------------+----------------------------+----------------------------+-----------------------------+-----------------------------+--------------------+--------------------+-------------------------------------+-------------------------------------+----------------------------+----------------------------+---------------------------+---------------------------+
; Pin          ; I/O Standard ; Board Delay on Rise ; Board Delay on Fall ; Steady State Voh at FPGA Pin ; Steady State Vol at FPGA Pin ; Voh Max at FPGA Pin ; Vol Min at FPGA Pin ; Ringback Voltage on Rise at FPGA Pin ; Ringback Voltage on Fall at FPGA Pin ; 10-90 Rise Time at FPGA Pin ; 90-10 Fall Time at FPGA Pin ; Monotonic Rise at FPGA Pin ; Monotonic Fall at FPGA Pin ; Steady State Voh at Far-end ; Steady State Vol at Far-end ; Voh Max at Far-end ; Vol Min at Far-end ; Ringback Voltage on Rise at Far-end ; Ringback Voltage on Fall at Far-end ; 10-90 Rise Time at Far-end ; 90-10 Fall Time at Far-end ; Monotonic Rise at Far-end ; Monotonic Fall at Far-end ;
+--------------+--------------+---------------------+---------------------+------------------------------+------------------------------+---------------------+---------------------+--------------------------------------+--------------------------------------+-----------------------------+-----------------------------+----------------------------+----------------------------+-----------------------------+-----------------------------+--------------------+--------------------+-------------------------------------+-------------------------------------+----------------------------+----------------------------+---------------------------+---------------------------+
; oDisplay1[0] ; 2.5 V        ; 0 s                 ; 0 s                 ; 2.32 V                       ; 2.52e-05 V                   ; 2.38 V              ; -0.0315 V           ; 0.205 V                              ; 0.182 V                              ; 4.74e-10 s                  ; 4.85e-10 s                  ; No                         ; Yes                        ; 2.32 V                      ; 2.52e-05 V                  ; 2.38 V             ; -0.0315 V          ; 0.205 V                             ; 0.182 V                             ; 4.74e-10 s                 ; 4.85e-10 s                 ; No                        ; Yes                       ;
; oDisplay1[1] ; 2.5 V        ; 0 s                 ; 0 s                 ; 2.32 V                       ; 2.52e-05 V                   ; 2.38 V              ; -0.032 V            ; 0.204 V                              ; 0.181 V                              ; 4.74e-10 s                  ; 4.85e-10 s                  ; No                         ; Yes                        ; 2.32 V                      ; 2.52e-05 V                  ; 2.38 V             ; -0.032 V           ; 0.204 V                             ; 0.181 V                             ; 4.74e-10 s                 ; 4.85e-10 s                 ; No                        ; Yes                       ;
; oDisplay1[2] ; 2.5 V        ; 0 s                 ; 0 s                 ; 2.32 V                       ; 2.52e-05 V                   ; 2.38 V              ; -0.032 V            ; 0.204 V                              ; 0.181 V                              ; 4.74e-10 s                  ; 4.85e-10 s                  ; No                         ; Yes                        ; 2.32 V                      ; 2.52e-05 V                  ; 2.38 V             ; -0.032 V           ; 0.204 V                             ; 0.181 V                             ; 4.74e-10 s                 ; 4.85e-10 s                 ; No                        ; Yes                       ;
; oDisplay1[3] ; 2.5 V        ; 0 s                 ; 0 s                 ; 2.32 V                       ; 2.52e-05 V                   ; 2.38 V              ; -0.032 V            ; 0.204 V                              ; 0.181 V                              ; 4.74e-10 s                  ; 4.85e-10 s                  ; No                         ; Yes                        ; 2.32 V                      ; 2.52e-05 V                  ; 2.38 V             ; -0.032 V           ; 0.204 V                             ; 0.181 V                             ; 4.74e-10 s                 ; 4.85e-10 s                 ; No                        ; Yes                       ;
; oDisplay1[4] ; 2.5 V        ; 0 s                 ; 0 s                 ; 2.32 V                       ; 2.52e-05 V                   ; 2.38 V              ; -0.0315 V           ; 0.205 V                              ; 0.182 V                              ; 4.74e-10 s                  ; 4.85e-10 s                  ; No                         ; Yes                        ; 2.32 V                      ; 2.52e-05 V                  ; 2.38 V             ; -0.0315 V          ; 0.205 V                             ; 0.182 V                             ; 4.74e-10 s                 ; 4.85e-10 s                 ; No                        ; Yes                       ;
; oDisplay1[5] ; 2.5 V        ; 0 s                 ; 0 s                 ; 2.32 V                       ; 2.52e-05 V                   ; 2.38 V              ; -0.0315 V           ; 0.205 V                              ; 0.182 V                              ; 4.74e-10 s                  ; 4.85e-10 s                  ; No                         ; Yes                        ; 2.32 V                      ; 2.52e-05 V                  ; 2.38 V             ; -0.0315 V          ; 0.205 V                             ; 0.182 V                             ; 4.74e-10 s                 ; 4.85e-10 s                 ; No                        ; Yes                       ;
; oDisplay1[6] ; 2.5 V        ; 0 s                 ; 0 s                 ; 2.32 V                       ; 2.52e-05 V                   ; 2.38 V              ; -0.032 V            ; 0.204 V                              ; 0.181 V                              ; 4.74e-10 s                  ; 4.85e-10 s                  ; No                         ; Yes                        ; 2.32 V                      ; 2.52e-05 V                  ; 2.38 V             ; -0.032 V           ; 0.204 V                             ; 0.181 V                             ; 4.74e-10 s                 ; 4.85e-10 s                 ; No                        ; Yes                       ;
; oDisplay2[0] ; 2.5 V        ; 0 s                 ; 0 s                 ; 2.32 V                       ; 2.52e-05 V                   ; 2.38 V              ; -0.032 V            ; 0.204 V                              ; 0.181 V                              ; 4.74e-10 s                  ; 4.85e-10 s                  ; No                         ; Yes                        ; 2.32 V                      ; 2.52e-05 V                  ; 2.38 V             ; -0.032 V           ; 0.204 V                             ; 0.181 V                             ; 4.74e-10 s                 ; 4.85e-10 s                 ; No                        ; Yes                       ;
; oDisplay2[1] ; 2.5 V        ; 0 s                 ; 0 s                 ; 2.32 V                       ; 2.52e-05 V                   ; 2.38 V              ; -0.0315 V           ; 0.205 V                              ; 0.182 V                              ; 4.74e-10 s                  ; 4.85e-10 s                  ; No                         ; Yes                        ; 2.32 V                      ; 2.52e-05 V                  ; 2.38 V             ; -0.0315 V          ; 0.205 V                             ; 0.182 V                             ; 4.74e-10 s                 ; 4.85e-10 s                 ; No                        ; Yes                       ;
; oDisplay2[2] ; 2.5 V        ; 0 s                 ; 0 s                 ; 2.32 V                       ; 2.52e-05 V                   ; 2.38 V              ; -0.0315 V           ; 0.205 V                              ; 0.182 V                              ; 4.74e-10 s                  ; 4.85e-10 s                  ; No                         ; Yes                        ; 2.32 V                      ; 2.52e-05 V                  ; 2.38 V             ; -0.0315 V          ; 0.205 V                             ; 0.182 V                             ; 4.74e-10 s                 ; 4.85e-10 s                 ; No                        ; Yes                       ;
; oDisplay2[3] ; 2.5 V        ; 0 s                 ; 0 s                 ; 2.32 V                       ; 2.52e-05 V                   ; 2.38 V              ; -0.032 V            ; 0.204 V                              ; 0.181 V                              ; 4.74e-10 s                  ; 4.85e-10 s                  ; No                         ; Yes                        ; 2.32 V                      ; 2.52e-05 V                  ; 2.38 V             ; -0.032 V           ; 0.204 V                             ; 0.181 V                             ; 4.74e-10 s                 ; 4.85e-10 s                 ; No                        ; Yes                       ;
; oDisplay2[4] ; 2.5 V        ; 0 s                 ; 0 s                 ; 2.32 V                       ; 2.52e-05 V                   ; 2.38 V              ; -0.032 V            ; 0.204 V                              ; 0.181 V                              ; 4.74e-10 s                  ; 4.85e-10 s                  ; No                         ; Yes                        ; 2.32 V                      ; 2.52e-05 V                  ; 2.38 V             ; -0.032 V           ; 0.204 V                             ; 0.181 V                             ; 4.74e-10 s                 ; 4.85e-10 s                 ; No                        ; Yes                       ;
; oDisplay2[5] ; 2.5 V        ; 0 s                 ; 0 s                 ; 2.32 V                       ; 2.52e-05 V                   ; 2.38 V              ; -0.0315 V           ; 0.205 V                              ; 0.182 V                              ; 4.74e-10 s                  ; 4.85e-10 s                  ; No                         ; Yes                        ; 2.32 V                      ; 2.52e-05 V                  ; 2.38 V             ; -0.0315 V          ; 0.205 V                             ; 0.182 V                             ; 4.74e-10 s                 ; 4.85e-10 s                 ; No                        ; Yes                       ;
; oDisplay2[6] ; 2.5 V        ; 0 s                 ; 0 s                 ; 2.32 V                       ; 2.52e-05 V                   ; 2.38 V              ; -0.0315 V           ; 0.205 V                              ; 0.182 V                              ; 4.74e-10 s                  ; 4.85e-10 s                  ; No                         ; Yes                        ; 2.32 V                      ; 2.52e-05 V                  ; 2.38 V             ; -0.0315 V          ; 0.205 V                             ; 0.182 V                             ; 4.74e-10 s                 ; 4.85e-10 s                 ; No                        ; Yes                       ;
; oDisplay3[0] ; 2.5 V        ; 0 s                 ; 0 s                 ; 2.32 V                       ; 2.56e-05 V                   ; 2.38 V              ; -0.026 V            ; 0.249 V                              ; 0.089 V                              ; 4.95e-10 s                  ; 6.01e-10 s                  ; No                         ; Yes                        ; 2.32 V                      ; 2.56e-05 V                  ; 2.38 V             ; -0.026 V           ; 0.249 V                             ; 0.089 V                             ; 4.95e-10 s                 ; 6.01e-10 s                 ; No                        ; Yes                       ;
; oDisplay3[1] ; 2.5 V        ; 0 s                 ; 0 s                 ; 2.32 V                       ; 2.52e-05 V                   ; 2.38 V              ; -0.0315 V           ; 0.205 V                              ; 0.182 V                              ; 4.74e-10 s                  ; 4.85e-10 s                  ; No                         ; Yes                        ; 2.32 V                      ; 2.52e-05 V                  ; 2.38 V             ; -0.0315 V          ; 0.205 V                             ; 0.182 V                             ; 4.74e-10 s                 ; 4.85e-10 s                 ; No                        ; Yes                       ;
; oDisplay3[2] ; 2.5 V        ; 0 s                 ; 0 s                 ; 2.32 V                       ; 2.52e-05 V                   ; 2.38 V              ; -0.0315 V           ; 0.205 V                              ; 0.182 V                              ; 4.74e-10 s                  ; 4.85e-10 s                  ; No                         ; Yes                        ; 2.32 V                      ; 2.52e-05 V                  ; 2.38 V             ; -0.0315 V          ; 0.205 V                             ; 0.182 V                             ; 4.74e-10 s                 ; 4.85e-10 s                 ; No                        ; Yes                       ;
; oDisplay3[3] ; 2.5 V        ; 0 s                 ; 0 s                 ; 2.32 V                       ; 2.27e-05 V                   ; 2.34 V              ; -0.0089 V           ; 0.206 V                              ; 0.058 V                              ; 4.97e-10 s                  ; 5.13e-10 s                  ; Yes                        ; Yes                        ; 2.32 V                      ; 2.27e-05 V                  ; 2.34 V             ; -0.0089 V          ; 0.206 V                             ; 0.058 V                             ; 4.97e-10 s                 ; 5.13e-10 s                 ; Yes                       ; Yes                       ;
; oDisplay3[4] ; 2.5 V        ; 0 s                 ; 0 s                 ; 2.32 V                       ; 2.27e-05 V                   ; 2.34 V              ; -0.0089 V           ; 0.206 V                              ; 0.058 V                              ; 4.97e-10 s                  ; 5.13e-10 s                  ; Yes                        ; Yes                        ; 2.32 V                      ; 2.27e-05 V                  ; 2.34 V             ; -0.0089 V          ; 0.206 V                             ; 0.058 V                             ; 4.97e-10 s                 ; 5.13e-10 s                 ; Yes                       ; Yes                       ;
; oDisplay3[5] ; 2.5 V        ; 0 s                 ; 0 s                 ; 2.32 V                       ; 2.52e-05 V                   ; 2.38 V              ; -0.0315 V           ; 0.205 V                              ; 0.182 V                              ; 4.74e-10 s                  ; 4.85e-10 s                  ; No                         ; Yes                        ; 2.32 V                      ; 2.52e-05 V                  ; 2.38 V             ; -0.0315 V          ; 0.205 V                             ; 0.182 V                             ; 4.74e-10 s                 ; 4.85e-10 s                 ; No                        ; Yes                       ;
; oDisplay3[6] ; 2.5 V        ; 0 s                 ; 0 s                 ; 2.32 V                       ; 2.52e-05 V                   ; 2.38 V              ; -0.032 V            ; 0.204 V                              ; 0.181 V                              ; 4.74e-10 s                  ; 4.85e-10 s                  ; No                         ; Yes                        ; 2.32 V                      ; 2.52e-05 V                  ; 2.38 V             ; -0.032 V           ; 0.204 V                             ; 0.181 V                             ; 4.74e-10 s                 ; 4.85e-10 s                 ; No                        ; Yes                       ;
; oDisplay4[0] ; 2.5 V        ; 0 s                 ; 0 s                 ; 2.32 V                       ; 2.27e-05 V                   ; 2.34 V              ; -0.0089 V           ; 0.206 V                              ; 0.058 V                              ; 4.97e-10 s                  ; 5.13e-10 s                  ; Yes                        ; Yes                        ; 2.32 V                      ; 2.27e-05 V                  ; 2.34 V             ; -0.0089 V          ; 0.206 V                             ; 0.058 V                             ; 4.97e-10 s                 ; 5.13e-10 s                 ; Yes                       ; Yes                       ;
; oDisplay4[1] ; 2.5 V        ; 0 s                 ; 0 s                 ; 2.32 V                       ; 2.56e-05 V                   ; 2.38 V              ; -0.026 V            ; 0.249 V                              ; 0.089 V                              ; 4.95e-10 s                  ; 6.01e-10 s                  ; No                         ; Yes                        ; 2.32 V                      ; 2.56e-05 V                  ; 2.38 V             ; -0.026 V           ; 0.249 V                             ; 0.089 V                             ; 4.95e-10 s                 ; 6.01e-10 s                 ; No                        ; Yes                       ;
; oDisplay4[2] ; 2.5 V        ; 0 s                 ; 0 s                 ; 2.32 V                       ; 2.56e-05 V                   ; 2.38 V              ; -0.026 V            ; 0.249 V                              ; 0.089 V                              ; 4.95e-10 s                  ; 6.01e-10 s                  ; No                         ; Yes                        ; 2.32 V                      ; 2.56e-05 V                  ; 2.38 V             ; -0.026 V           ; 0.249 V                             ; 0.089 V                             ; 4.95e-10 s                 ; 6.01e-10 s                 ; No                        ; Yes                       ;
; oDisplay4[3] ; 2.5 V        ; 0 s                 ; 0 s                 ; 2.32 V                       ; 2.27e-05 V                   ; 2.34 V              ; -0.0089 V           ; 0.206 V                              ; 0.058 V                              ; 4.97e-10 s                  ; 5.13e-10 s                  ; Yes                        ; Yes                        ; 2.32 V                      ; 2.27e-05 V                  ; 2.34 V             ; -0.0089 V          ; 0.206 V                             ; 0.058 V                             ; 4.97e-10 s                 ; 5.13e-10 s                 ; Yes                       ; Yes                       ;
; oDisplay4[4] ; 2.5 V        ; 0 s                 ; 0 s                 ; 2.32 V                       ; 2.56e-05 V                   ; 2.38 V              ; -0.026 V            ; 0.249 V                              ; 0.089 V                              ; 4.95e-10 s                  ; 6.01e-10 s                  ; No                         ; Yes                        ; 2.32 V                      ; 2.56e-05 V                  ; 2.38 V             ; -0.026 V           ; 0.249 V                             ; 0.089 V                             ; 4.95e-10 s                 ; 6.01e-10 s                 ; No                        ; Yes                       ;
; oDisplay4[5] ; 2.5 V        ; 0 s                 ; 0 s                 ; 2.32 V                       ; 2.56e-05 V                   ; 2.38 V              ; -0.026 V            ; 0.249 V                              ; 0.089 V                              ; 4.95e-10 s                  ; 6.01e-10 s                  ; No                         ; Yes                        ; 2.32 V                      ; 2.56e-05 V                  ; 2.38 V             ; -0.026 V           ; 0.249 V                             ; 0.089 V                             ; 4.95e-10 s                 ; 6.01e-10 s                 ; No                        ; Yes                       ;
; oDisplay4[6] ; 2.5 V        ; 0 s                 ; 0 s                 ; 2.32 V                       ; 2.27e-05 V                   ; 2.34 V              ; -0.0089 V           ; 0.206 V                              ; 0.058 V                              ; 4.97e-10 s                  ; 5.13e-10 s                  ; Yes                        ; Yes                        ; 2.32 V                      ; 2.27e-05 V                  ; 2.34 V             ; -0.0089 V          ; 0.206 V                             ; 0.058 V                             ; 4.97e-10 s                 ; 5.13e-10 s                 ; Yes                       ; Yes                       ;
; oDisplay5[0] ; 2.5 V        ; 0 s                 ; 0 s                 ; 2.32 V                       ; 2.52e-05 V                   ; 2.38 V              ; -0.032 V            ; 0.204 V                              ; 0.181 V                              ; 4.74e-10 s                  ; 4.85e-10 s                  ; No                         ; Yes                        ; 2.32 V                      ; 2.52e-05 V                  ; 2.38 V             ; -0.032 V           ; 0.204 V                             ; 0.181 V                             ; 4.74e-10 s                 ; 4.85e-10 s                 ; No                        ; Yes                       ;
; oDisplay5[1] ; 2.5 V        ; 0 s                 ; 0 s                 ; 2.32 V                       ; 2.27e-05 V                   ; 2.34 V              ; -0.0089 V           ; 0.206 V                              ; 0.058 V                              ; 4.97e-10 s                  ; 5.13e-10 s                  ; Yes                        ; Yes                        ; 2.32 V                      ; 2.27e-05 V                  ; 2.34 V             ; -0.0089 V          ; 0.206 V                             ; 0.058 V                             ; 4.97e-10 s                 ; 5.13e-10 s                 ; Yes                       ; Yes                       ;
; oDisplay5[2] ; 2.5 V        ; 0 s                 ; 0 s                 ; 2.32 V                       ; 2.27e-05 V                   ; 2.34 V              ; -0.0089 V           ; 0.206 V                              ; 0.058 V                              ; 4.97e-10 s                  ; 5.13e-10 s                  ; Yes                        ; Yes                        ; 2.32 V                      ; 2.27e-05 V                  ; 2.34 V             ; -0.0089 V          ; 0.206 V                             ; 0.058 V                             ; 4.97e-10 s                 ; 5.13e-10 s                 ; Yes                       ; Yes                       ;
; oDisplay5[3] ; 2.5 V        ; 0 s                 ; 0 s                 ; 2.32 V                       ; 2.27e-05 V                   ; 2.34 V              ; -0.0089 V           ; 0.206 V                              ; 0.058 V                              ; 4.97e-10 s                  ; 5.13e-10 s                  ; Yes                        ; Yes                        ; 2.32 V                      ; 2.27e-05 V                  ; 2.34 V             ; -0.0089 V          ; 0.206 V                             ; 0.058 V                             ; 4.97e-10 s                 ; 5.13e-10 s                 ; Yes                       ; Yes                       ;
; oDisplay5[4] ; 2.5 V        ; 0 s                 ; 0 s                 ; 2.32 V                       ; 2.56e-05 V                   ; 2.38 V              ; -0.026 V            ; 0.249 V                              ; 0.089 V                              ; 4.95e-10 s                  ; 6.01e-10 s                  ; No                         ; Yes                        ; 2.32 V                      ; 2.56e-05 V                  ; 2.38 V             ; -0.026 V           ; 0.249 V                             ; 0.089 V                             ; 4.95e-10 s                 ; 6.01e-10 s                 ; No                        ; Yes                       ;
; oDisplay5[5] ; 2.5 V        ; 0 s                 ; 0 s                 ; 2.32 V                       ; 2.56e-05 V                   ; 2.38 V              ; -0.026 V            ; 0.249 V                              ; 0.089 V                              ; 4.95e-10 s                  ; 6.01e-10 s                  ; No                         ; Yes                        ; 2.32 V                      ; 2.56e-05 V                  ; 2.38 V             ; -0.026 V           ; 0.249 V                             ; 0.089 V                             ; 4.95e-10 s                 ; 6.01e-10 s                 ; No                        ; Yes                       ;
; oDisplay5[6] ; 2.5 V        ; 0 s                 ; 0 s                 ; 2.32 V                       ; 2.27e-05 V                   ; 2.34 V              ; -0.0089 V           ; 0.206 V                              ; 0.058 V                              ; 4.97e-10 s                  ; 5.13e-10 s                  ; Yes                        ; Yes                        ; 2.32 V                      ; 2.27e-05 V                  ; 2.34 V             ; -0.0089 V          ; 0.206 V                             ; 0.058 V                             ; 4.97e-10 s                 ; 5.13e-10 s                 ; Yes                       ; Yes                       ;
; oDisplay6[0] ; 2.5 V        ; 0 s                 ; 0 s                 ; 2.32 V                       ; 2.56e-05 V                   ; 2.38 V              ; -0.026 V            ; 0.249 V                              ; 0.089 V                              ; 4.95e-10 s                  ; 6.01e-10 s                  ; No                         ; Yes                        ; 2.32 V                      ; 2.56e-05 V                  ; 2.38 V             ; -0.026 V           ; 0.249 V                             ; 0.089 V                             ; 4.95e-10 s                 ; 6.01e-10 s                 ; No                        ; Yes                       ;
; oDisplay6[1] ; 2.5 V        ; 0 s                 ; 0 s                 ; 2.32 V                       ; 2.27e-05 V                   ; 2.34 V              ; -0.0089 V           ; 0.206 V                              ; 0.058 V                              ; 4.97e-10 s                  ; 5.13e-10 s                  ; Yes                        ; Yes                        ; 2.32 V                      ; 2.27e-05 V                  ; 2.34 V             ; -0.0089 V          ; 0.206 V                             ; 0.058 V                             ; 4.97e-10 s                 ; 5.13e-10 s                 ; Yes                       ; Yes                       ;
; oDisplay6[2] ; 2.5 V        ; 0 s                 ; 0 s                 ; 2.32 V                       ; 2.27e-05 V                   ; 2.34 V              ; -0.0089 V           ; 0.206 V                              ; 0.058 V                              ; 4.97e-10 s                  ; 5.13e-10 s                  ; Yes                        ; Yes                        ; 2.32 V                      ; 2.27e-05 V                  ; 2.34 V             ; -0.0089 V          ; 0.206 V                             ; 0.058 V                             ; 4.97e-10 s                 ; 5.13e-10 s                 ; Yes                       ; Yes                       ;
; oDisplay6[3] ; 2.5 V        ; 0 s                 ; 0 s                 ; 2.32 V                       ; 2.27e-05 V                   ; 2.34 V              ; -0.0089 V           ; 0.206 V                              ; 0.058 V                              ; 4.97e-10 s                  ; 5.13e-10 s                  ; Yes                        ; Yes                        ; 2.32 V                      ; 2.27e-05 V                  ; 2.34 V             ; -0.0089 V          ; 0.206 V                             ; 0.058 V                             ; 4.97e-10 s                 ; 5.13e-10 s                 ; Yes                       ; Yes                       ;
; oDisplay6[4] ; 2.5 V        ; 0 s                 ; 0 s                 ; 2.32 V                       ; 2.52e-05 V                   ; 2.38 V              ; -0.0315 V           ; 0.205 V                              ; 0.182 V                              ; 4.74e-10 s                  ; 4.85e-10 s                  ; No                         ; Yes                        ; 2.32 V                      ; 2.52e-05 V                  ; 2.38 V             ; -0.0315 V          ; 0.205 V                             ; 0.182 V                             ; 4.74e-10 s                 ; 4.85e-10 s                 ; No                        ; Yes                       ;
; oDisplay6[5] ; 2.5 V        ; 0 s                 ; 0 s                 ; 2.32 V                       ; 2.52e-05 V                   ; 2.38 V              ; -0.032 V            ; 0.204 V                              ; 0.181 V                              ; 4.74e-10 s                  ; 4.85e-10 s                  ; No                         ; Yes                        ; 2.32 V                      ; 2.52e-05 V                  ; 2.38 V             ; -0.032 V           ; 0.204 V                             ; 0.181 V                             ; 4.74e-10 s                 ; 4.85e-10 s                 ; No                        ; Yes                       ;
; oDisplay6[6] ; 2.5 V        ; 0 s                 ; 0 s                 ; 2.32 V                       ; 2.56e-05 V                   ; 2.38 V              ; -0.026 V            ; 0.249 V                              ; 0.089 V                              ; 4.95e-10 s                  ; 6.01e-10 s                  ; No                         ; Yes                        ; 2.32 V                      ; 2.56e-05 V                  ; 2.38 V             ; -0.026 V           ; 0.249 V                             ; 0.089 V                             ; 4.95e-10 s                 ; 6.01e-10 s                 ; No                        ; Yes                       ;
+--------------+--------------+---------------------+---------------------+------------------------------+------------------------------+---------------------+---------------------+--------------------------------------+--------------------------------------+-----------------------------+-----------------------------+----------------------------+----------------------------+-----------------------------+-----------------------------+--------------------+--------------------+-------------------------------------+-------------------------------------+----------------------------+----------------------------+---------------------------+---------------------------+


+-------------------------------------------------------------------------------------------------------------------------------------------------------------------------------------------------------------------------------------------------------------------------------------------------------------------------------------------------------------------------------------------------------------------------------------------------------------------------------------------------------------------------------------------------------------------------------------------------------------------------------------------------------------------------------------------+
; Signal Integrity Metrics (Fast 1100mv 0c Model)                                                                                                                                                                                                                                                                                                                                                                                                                                                                                                                                                                                                                                           ;
+--------------+--------------+---------------------+---------------------+------------------------------+------------------------------+---------------------+---------------------+--------------------------------------+--------------------------------------+-----------------------------+-----------------------------+----------------------------+----------------------------+-----------------------------+-----------------------------+--------------------+--------------------+-------------------------------------+-------------------------------------+----------------------------+----------------------------+---------------------------+---------------------------+
; Pin          ; I/O Standard ; Board Delay on Rise ; Board Delay on Fall ; Steady State Voh at FPGA Pin ; Steady State Vol at FPGA Pin ; Voh Max at FPGA Pin ; Vol Min at FPGA Pin ; Ringback Voltage on Rise at FPGA Pin ; Ringback Voltage on Fall at FPGA Pin ; 10-90 Rise Time at FPGA Pin ; 90-10 Fall Time at FPGA Pin ; Monotonic Rise at FPGA Pin ; Monotonic Fall at FPGA Pin ; Steady State Voh at Far-end ; Steady State Vol at Far-end ; Voh Max at Far-end ; Vol Min at Far-end ; Ringback Voltage on Rise at Far-end ; Ringback Voltage on Fall at Far-end ; 10-90 Rise Time at Far-end ; 90-10 Fall Time at Far-end ; Monotonic Rise at Far-end ; Monotonic Fall at Far-end ;
+--------------+--------------+---------------------+---------------------+------------------------------+------------------------------+---------------------+---------------------+--------------------------------------+--------------------------------------+-----------------------------+-----------------------------+----------------------------+----------------------------+-----------------------------+-----------------------------+--------------------+--------------------+-------------------------------------+-------------------------------------+----------------------------+----------------------------+---------------------------+---------------------------+
; oDisplay1[0] ; 2.5 V        ; 0 s                 ; 0 s                 ; 2.75 V                       ; 4.14e-06 V                   ; 2.91 V              ; -0.121 V            ; 0.326 V                              ; 0.297 V                              ; 2.74e-10 s                  ; 2.8e-10 s                   ; No                         ; No                         ; 2.75 V                      ; 4.14e-06 V                  ; 2.91 V             ; -0.121 V           ; 0.326 V                             ; 0.297 V                             ; 2.74e-10 s                 ; 2.8e-10 s                  ; No                        ; No                        ;
; oDisplay1[1] ; 2.5 V        ; 0 s                 ; 0 s                 ; 2.75 V                       ; 4.14e-06 V                   ; 2.91 V              ; -0.119 V            ; 0.326 V                              ; 0.298 V                              ; 2.74e-10 s                  ; 2.8e-10 s                   ; No                         ; No                         ; 2.75 V                      ; 4.14e-06 V                  ; 2.91 V             ; -0.119 V           ; 0.326 V                             ; 0.298 V                             ; 2.74e-10 s                 ; 2.8e-10 s                  ; No                        ; No                        ;
; oDisplay1[2] ; 2.5 V        ; 0 s                 ; 0 s                 ; 2.75 V                       ; 4.14e-06 V                   ; 2.91 V              ; -0.119 V            ; 0.326 V                              ; 0.298 V                              ; 2.74e-10 s                  ; 2.8e-10 s                   ; No                         ; No                         ; 2.75 V                      ; 4.14e-06 V                  ; 2.91 V             ; -0.119 V           ; 0.326 V                             ; 0.298 V                             ; 2.74e-10 s                 ; 2.8e-10 s                  ; No                        ; No                        ;
; oDisplay1[3] ; 2.5 V        ; 0 s                 ; 0 s                 ; 2.75 V                       ; 4.14e-06 V                   ; 2.91 V              ; -0.119 V            ; 0.326 V                              ; 0.298 V                              ; 2.74e-10 s                  ; 2.8e-10 s                   ; No                         ; No                         ; 2.75 V                      ; 4.14e-06 V                  ; 2.91 V             ; -0.119 V           ; 0.326 V                             ; 0.298 V                             ; 2.74e-10 s                 ; 2.8e-10 s                  ; No                        ; No                        ;
; oDisplay1[4] ; 2.5 V        ; 0 s                 ; 0 s                 ; 2.75 V                       ; 4.14e-06 V                   ; 2.91 V              ; -0.121 V            ; 0.326 V                              ; 0.297 V                              ; 2.74e-10 s                  ; 2.8e-10 s                   ; No                         ; No                         ; 2.75 V                      ; 4.14e-06 V                  ; 2.91 V             ; -0.121 V           ; 0.326 V                             ; 0.297 V                             ; 2.74e-10 s                 ; 2.8e-10 s                  ; No                        ; No                        ;
; oDisplay1[5] ; 2.5 V        ; 0 s                 ; 0 s                 ; 2.75 V                       ; 4.14e-06 V                   ; 2.91 V              ; -0.121 V            ; 0.326 V                              ; 0.297 V                              ; 2.74e-10 s                  ; 2.8e-10 s                   ; No                         ; No                         ; 2.75 V                      ; 4.14e-06 V                  ; 2.91 V             ; -0.121 V           ; 0.326 V                             ; 0.297 V                             ; 2.74e-10 s                 ; 2.8e-10 s                  ; No                        ; No                        ;
; oDisplay1[6] ; 2.5 V        ; 0 s                 ; 0 s                 ; 2.75 V                       ; 4.14e-06 V                   ; 2.91 V              ; -0.119 V            ; 0.326 V                              ; 0.298 V                              ; 2.74e-10 s                  ; 2.8e-10 s                   ; No                         ; No                         ; 2.75 V                      ; 4.14e-06 V                  ; 2.91 V             ; -0.119 V           ; 0.326 V                             ; 0.298 V                             ; 2.74e-10 s                 ; 2.8e-10 s                  ; No                        ; No                        ;
; oDisplay2[0] ; 2.5 V        ; 0 s                 ; 0 s                 ; 2.75 V                       ; 4.14e-06 V                   ; 2.91 V              ; -0.119 V            ; 0.326 V                              ; 0.298 V                              ; 2.74e-10 s                  ; 2.8e-10 s                   ; No                         ; No                         ; 2.75 V                      ; 4.14e-06 V                  ; 2.91 V             ; -0.119 V           ; 0.326 V                             ; 0.298 V                             ; 2.74e-10 s                 ; 2.8e-10 s                  ; No                        ; No                        ;
; oDisplay2[1] ; 2.5 V        ; 0 s                 ; 0 s                 ; 2.75 V                       ; 4.14e-06 V                   ; 2.91 V              ; -0.121 V            ; 0.326 V                              ; 0.297 V                              ; 2.74e-10 s                  ; 2.8e-10 s                   ; No                         ; No                         ; 2.75 V                      ; 4.14e-06 V                  ; 2.91 V             ; -0.121 V           ; 0.326 V                             ; 0.297 V                             ; 2.74e-10 s                 ; 2.8e-10 s                  ; No                        ; No                        ;
; oDisplay2[2] ; 2.5 V        ; 0 s                 ; 0 s                 ; 2.75 V                       ; 4.14e-06 V                   ; 2.91 V              ; -0.121 V            ; 0.326 V                              ; 0.297 V                              ; 2.74e-10 s                  ; 2.8e-10 s                   ; No                         ; No                         ; 2.75 V                      ; 4.14e-06 V                  ; 2.91 V             ; -0.121 V           ; 0.326 V                             ; 0.297 V                             ; 2.74e-10 s                 ; 2.8e-10 s                  ; No                        ; No                        ;
; oDisplay2[3] ; 2.5 V        ; 0 s                 ; 0 s                 ; 2.75 V                       ; 4.14e-06 V                   ; 2.91 V              ; -0.119 V            ; 0.326 V                              ; 0.298 V                              ; 2.74e-10 s                  ; 2.8e-10 s                   ; No                         ; No                         ; 2.75 V                      ; 4.14e-06 V                  ; 2.91 V             ; -0.119 V           ; 0.326 V                             ; 0.298 V                             ; 2.74e-10 s                 ; 2.8e-10 s                  ; No                        ; No                        ;
; oDisplay2[4] ; 2.5 V        ; 0 s                 ; 0 s                 ; 2.75 V                       ; 4.14e-06 V                   ; 2.91 V              ; -0.119 V            ; 0.326 V                              ; 0.298 V                              ; 2.74e-10 s                  ; 2.8e-10 s                   ; No                         ; No                         ; 2.75 V                      ; 4.14e-06 V                  ; 2.91 V             ; -0.119 V           ; 0.326 V                             ; 0.298 V                             ; 2.74e-10 s                 ; 2.8e-10 s                  ; No                        ; No                        ;
; oDisplay2[5] ; 2.5 V        ; 0 s                 ; 0 s                 ; 2.75 V                       ; 4.14e-06 V                   ; 2.91 V              ; -0.121 V            ; 0.326 V                              ; 0.297 V                              ; 2.74e-10 s                  ; 2.8e-10 s                   ; No                         ; No                         ; 2.75 V                      ; 4.14e-06 V                  ; 2.91 V             ; -0.121 V           ; 0.326 V                             ; 0.297 V                             ; 2.74e-10 s                 ; 2.8e-10 s                  ; No                        ; No                        ;
; oDisplay2[6] ; 2.5 V        ; 0 s                 ; 0 s                 ; 2.75 V                       ; 4.14e-06 V                   ; 2.91 V              ; -0.121 V            ; 0.326 V                              ; 0.297 V                              ; 2.74e-10 s                  ; 2.8e-10 s                   ; No                         ; No                         ; 2.75 V                      ; 4.14e-06 V                  ; 2.91 V             ; -0.121 V           ; 0.326 V                             ; 0.297 V                             ; 2.74e-10 s                 ; 2.8e-10 s                  ; No                        ; No                        ;
; oDisplay3[0] ; 2.5 V        ; 0 s                 ; 0 s                 ; 2.75 V                       ; 4.25e-06 V                   ; 2.9 V               ; -0.107 V            ; 0.378 V                              ; 0.16 V                               ; 2.87e-10 s                  ; 4.28e-10 s                  ; No                         ; No                         ; 2.75 V                      ; 4.25e-06 V                  ; 2.9 V              ; -0.107 V           ; 0.378 V                             ; 0.16 V                              ; 2.87e-10 s                 ; 4.28e-10 s                 ; No                        ; No                        ;
; oDisplay3[1] ; 2.5 V        ; 0 s                 ; 0 s                 ; 2.75 V                       ; 4.14e-06 V                   ; 2.91 V              ; -0.121 V            ; 0.326 V                              ; 0.297 V                              ; 2.74e-10 s                  ; 2.8e-10 s                   ; No                         ; No                         ; 2.75 V                      ; 4.14e-06 V                  ; 2.91 V             ; -0.121 V           ; 0.326 V                             ; 0.297 V                             ; 2.74e-10 s                 ; 2.8e-10 s                  ; No                        ; No                        ;
; oDisplay3[2] ; 2.5 V        ; 0 s                 ; 0 s                 ; 2.75 V                       ; 4.14e-06 V                   ; 2.91 V              ; -0.121 V            ; 0.326 V                              ; 0.297 V                              ; 2.74e-10 s                  ; 2.8e-10 s                   ; No                         ; No                         ; 2.75 V                      ; 4.14e-06 V                  ; 2.91 V             ; -0.121 V           ; 0.326 V                             ; 0.297 V                             ; 2.74e-10 s                 ; 2.8e-10 s                  ; No                        ; No                        ;
; oDisplay3[3] ; 2.5 V        ; 0 s                 ; 0 s                 ; 2.75 V                       ; 3.54e-06 V                   ; 2.81 V              ; -0.0578 V           ; 0.303 V                              ; 0.28 V                               ; 2.93e-10 s                  ; 3.01e-10 s                  ; No                         ; No                         ; 2.75 V                      ; 3.54e-06 V                  ; 2.81 V             ; -0.0578 V          ; 0.303 V                             ; 0.28 V                              ; 2.93e-10 s                 ; 3.01e-10 s                 ; No                        ; No                        ;
; oDisplay3[4] ; 2.5 V        ; 0 s                 ; 0 s                 ; 2.75 V                       ; 3.54e-06 V                   ; 2.81 V              ; -0.0578 V           ; 0.303 V                              ; 0.28 V                               ; 2.93e-10 s                  ; 3.01e-10 s                  ; No                         ; No                         ; 2.75 V                      ; 3.54e-06 V                  ; 2.81 V             ; -0.0578 V          ; 0.303 V                             ; 0.28 V                              ; 2.93e-10 s                 ; 3.01e-10 s                 ; No                        ; No                        ;
; oDisplay3[5] ; 2.5 V        ; 0 s                 ; 0 s                 ; 2.75 V                       ; 4.14e-06 V                   ; 2.91 V              ; -0.121 V            ; 0.326 V                              ; 0.297 V                              ; 2.74e-10 s                  ; 2.8e-10 s                   ; No                         ; No                         ; 2.75 V                      ; 4.14e-06 V                  ; 2.91 V             ; -0.121 V           ; 0.326 V                             ; 0.297 V                             ; 2.74e-10 s                 ; 2.8e-10 s                  ; No                        ; No                        ;
; oDisplay3[6] ; 2.5 V        ; 0 s                 ; 0 s                 ; 2.75 V                       ; 4.14e-06 V                   ; 2.91 V              ; -0.119 V            ; 0.326 V                              ; 0.298 V                              ; 2.74e-10 s                  ; 2.8e-10 s                   ; No                         ; No                         ; 2.75 V                      ; 4.14e-06 V                  ; 2.91 V             ; -0.119 V           ; 0.326 V                             ; 0.298 V                             ; 2.74e-10 s                 ; 2.8e-10 s                  ; No                        ; No                        ;
; oDisplay4[0] ; 2.5 V        ; 0 s                 ; 0 s                 ; 2.75 V                       ; 3.54e-06 V                   ; 2.81 V              ; -0.0578 V           ; 0.303 V                              ; 0.28 V                               ; 2.93e-10 s                  ; 3.01e-10 s                  ; No                         ; No                         ; 2.75 V                      ; 3.54e-06 V                  ; 2.81 V             ; -0.0578 V          ; 0.303 V                             ; 0.28 V                              ; 2.93e-10 s                 ; 3.01e-10 s                 ; No                        ; No                        ;
; oDisplay4[1] ; 2.5 V        ; 0 s                 ; 0 s                 ; 2.75 V                       ; 4.25e-06 V                   ; 2.9 V               ; -0.107 V            ; 0.378 V                              ; 0.16 V                               ; 2.87e-10 s                  ; 4.28e-10 s                  ; No                         ; No                         ; 2.75 V                      ; 4.25e-06 V                  ; 2.9 V              ; -0.107 V           ; 0.378 V                             ; 0.16 V                              ; 2.87e-10 s                 ; 4.28e-10 s                 ; No                        ; No                        ;
; oDisplay4[2] ; 2.5 V        ; 0 s                 ; 0 s                 ; 2.75 V                       ; 4.25e-06 V                   ; 2.9 V               ; -0.107 V            ; 0.378 V                              ; 0.16 V                               ; 2.87e-10 s                  ; 4.28e-10 s                  ; No                         ; No                         ; 2.75 V                      ; 4.25e-06 V                  ; 2.9 V              ; -0.107 V           ; 0.378 V                             ; 0.16 V                              ; 2.87e-10 s                 ; 4.28e-10 s                 ; No                        ; No                        ;
; oDisplay4[3] ; 2.5 V        ; 0 s                 ; 0 s                 ; 2.75 V                       ; 3.54e-06 V                   ; 2.81 V              ; -0.0578 V           ; 0.303 V                              ; 0.28 V                               ; 2.93e-10 s                  ; 3.01e-10 s                  ; No                         ; No                         ; 2.75 V                      ; 3.54e-06 V                  ; 2.81 V             ; -0.0578 V          ; 0.303 V                             ; 0.28 V                              ; 2.93e-10 s                 ; 3.01e-10 s                 ; No                        ; No                        ;
; oDisplay4[4] ; 2.5 V        ; 0 s                 ; 0 s                 ; 2.75 V                       ; 4.25e-06 V                   ; 2.9 V               ; -0.107 V            ; 0.378 V                              ; 0.16 V                               ; 2.87e-10 s                  ; 4.28e-10 s                  ; No                         ; No                         ; 2.75 V                      ; 4.25e-06 V                  ; 2.9 V              ; -0.107 V           ; 0.378 V                             ; 0.16 V                              ; 2.87e-10 s                 ; 4.28e-10 s                 ; No                        ; No                        ;
; oDisplay4[5] ; 2.5 V        ; 0 s                 ; 0 s                 ; 2.75 V                       ; 4.25e-06 V                   ; 2.9 V               ; -0.107 V            ; 0.378 V                              ; 0.16 V                               ; 2.87e-10 s                  ; 4.28e-10 s                  ; No                         ; No                         ; 2.75 V                      ; 4.25e-06 V                  ; 2.9 V              ; -0.107 V           ; 0.378 V                             ; 0.16 V                              ; 2.87e-10 s                 ; 4.28e-10 s                 ; No                        ; No                        ;
; oDisplay4[6] ; 2.5 V        ; 0 s                 ; 0 s                 ; 2.75 V                       ; 3.54e-06 V                   ; 2.81 V              ; -0.0578 V           ; 0.303 V                              ; 0.28 V                               ; 2.93e-10 s                  ; 3.01e-10 s                  ; No                         ; No                         ; 2.75 V                      ; 3.54e-06 V                  ; 2.81 V             ; -0.0578 V          ; 0.303 V                             ; 0.28 V                              ; 2.93e-10 s                 ; 3.01e-10 s                 ; No                        ; No                        ;
; oDisplay5[0] ; 2.5 V        ; 0 s                 ; 0 s                 ; 2.75 V                       ; 4.14e-06 V                   ; 2.91 V              ; -0.119 V            ; 0.326 V                              ; 0.298 V                              ; 2.74e-10 s                  ; 2.8e-10 s                   ; No                         ; No                         ; 2.75 V                      ; 4.14e-06 V                  ; 2.91 V             ; -0.119 V           ; 0.326 V                             ; 0.298 V                             ; 2.74e-10 s                 ; 2.8e-10 s                  ; No                        ; No                        ;
; oDisplay5[1] ; 2.5 V        ; 0 s                 ; 0 s                 ; 2.75 V                       ; 3.54e-06 V                   ; 2.81 V              ; -0.0578 V           ; 0.303 V                              ; 0.28 V                               ; 2.93e-10 s                  ; 3.01e-10 s                  ; No                         ; No                         ; 2.75 V                      ; 3.54e-06 V                  ; 2.81 V             ; -0.0578 V          ; 0.303 V                             ; 0.28 V                              ; 2.93e-10 s                 ; 3.01e-10 s                 ; No                        ; No                        ;
; oDisplay5[2] ; 2.5 V        ; 0 s                 ; 0 s                 ; 2.75 V                       ; 3.54e-06 V                   ; 2.81 V              ; -0.0578 V           ; 0.303 V                              ; 0.28 V                               ; 2.93e-10 s                  ; 3.01e-10 s                  ; No                         ; No                         ; 2.75 V                      ; 3.54e-06 V                  ; 2.81 V             ; -0.0578 V          ; 0.303 V                             ; 0.28 V                              ; 2.93e-10 s                 ; 3.01e-10 s                 ; No                        ; No                        ;
; oDisplay5[3] ; 2.5 V        ; 0 s                 ; 0 s                 ; 2.75 V                       ; 3.54e-06 V                   ; 2.81 V              ; -0.0578 V           ; 0.303 V                              ; 0.28 V                               ; 2.93e-10 s                  ; 3.01e-10 s                  ; No                         ; No                         ; 2.75 V                      ; 3.54e-06 V                  ; 2.81 V             ; -0.0578 V          ; 0.303 V                             ; 0.28 V                              ; 2.93e-10 s                 ; 3.01e-10 s                 ; No                        ; No                        ;
; oDisplay5[4] ; 2.5 V        ; 0 s                 ; 0 s                 ; 2.75 V                       ; 4.25e-06 V                   ; 2.9 V               ; -0.107 V            ; 0.378 V                              ; 0.16 V                               ; 2.87e-10 s                  ; 4.28e-10 s                  ; No                         ; No                         ; 2.75 V                      ; 4.25e-06 V                  ; 2.9 V              ; -0.107 V           ; 0.378 V                             ; 0.16 V                              ; 2.87e-10 s                 ; 4.28e-10 s                 ; No                        ; No                        ;
; oDisplay5[5] ; 2.5 V        ; 0 s                 ; 0 s                 ; 2.75 V                       ; 4.25e-06 V                   ; 2.9 V               ; -0.107 V            ; 0.378 V                              ; 0.16 V                               ; 2.87e-10 s                  ; 4.28e-10 s                  ; No                         ; No                         ; 2.75 V                      ; 4.25e-06 V                  ; 2.9 V              ; -0.107 V           ; 0.378 V                             ; 0.16 V                              ; 2.87e-10 s                 ; 4.28e-10 s                 ; No                        ; No                        ;
; oDisplay5[6] ; 2.5 V        ; 0 s                 ; 0 s                 ; 2.75 V                       ; 3.54e-06 V                   ; 2.81 V              ; -0.0578 V           ; 0.303 V                              ; 0.28 V                               ; 2.93e-10 s                  ; 3.01e-10 s                  ; No                         ; No                         ; 2.75 V                      ; 3.54e-06 V                  ; 2.81 V             ; -0.0578 V          ; 0.303 V                             ; 0.28 V                              ; 2.93e-10 s                 ; 3.01e-10 s                 ; No                        ; No                        ;
; oDisplay6[0] ; 2.5 V        ; 0 s                 ; 0 s                 ; 2.75 V                       ; 4.25e-06 V                   ; 2.9 V               ; -0.107 V            ; 0.378 V                              ; 0.16 V                               ; 2.87e-10 s                  ; 4.28e-10 s                  ; No                         ; No                         ; 2.75 V                      ; 4.25e-06 V                  ; 2.9 V              ; -0.107 V           ; 0.378 V                             ; 0.16 V                              ; 2.87e-10 s                 ; 4.28e-10 s                 ; No                        ; No                        ;
; oDisplay6[1] ; 2.5 V        ; 0 s                 ; 0 s                 ; 2.75 V                       ; 3.54e-06 V                   ; 2.81 V              ; -0.0578 V           ; 0.303 V                              ; 0.28 V                               ; 2.93e-10 s                  ; 3.01e-10 s                  ; No                         ; No                         ; 2.75 V                      ; 3.54e-06 V                  ; 2.81 V             ; -0.0578 V          ; 0.303 V                             ; 0.28 V                              ; 2.93e-10 s                 ; 3.01e-10 s                 ; No                        ; No                        ;
; oDisplay6[2] ; 2.5 V        ; 0 s                 ; 0 s                 ; 2.75 V                       ; 3.54e-06 V                   ; 2.81 V              ; -0.0578 V           ; 0.303 V                              ; 0.28 V                               ; 2.93e-10 s                  ; 3.01e-10 s                  ; No                         ; No                         ; 2.75 V                      ; 3.54e-06 V                  ; 2.81 V             ; -0.0578 V          ; 0.303 V                             ; 0.28 V                              ; 2.93e-10 s                 ; 3.01e-10 s                 ; No                        ; No                        ;
; oDisplay6[3] ; 2.5 V        ; 0 s                 ; 0 s                 ; 2.75 V                       ; 3.54e-06 V                   ; 2.81 V              ; -0.0578 V           ; 0.303 V                              ; 0.28 V                               ; 2.93e-10 s                  ; 3.01e-10 s                  ; No                         ; No                         ; 2.75 V                      ; 3.54e-06 V                  ; 2.81 V             ; -0.0578 V          ; 0.303 V                             ; 0.28 V                              ; 2.93e-10 s                 ; 3.01e-10 s                 ; No                        ; No                        ;
; oDisplay6[4] ; 2.5 V        ; 0 s                 ; 0 s                 ; 2.75 V                       ; 4.14e-06 V                   ; 2.91 V              ; -0.121 V            ; 0.326 V                              ; 0.297 V                              ; 2.74e-10 s                  ; 2.8e-10 s                   ; No                         ; No                         ; 2.75 V                      ; 4.14e-06 V                  ; 2.91 V             ; -0.121 V           ; 0.326 V                             ; 0.297 V                             ; 2.74e-10 s                 ; 2.8e-10 s                  ; No                        ; No                        ;
; oDisplay6[5] ; 2.5 V        ; 0 s                 ; 0 s                 ; 2.75 V                       ; 4.14e-06 V                   ; 2.91 V              ; -0.119 V            ; 0.326 V                              ; 0.298 V                              ; 2.74e-10 s                  ; 2.8e-10 s                   ; No                         ; No                         ; 2.75 V                      ; 4.14e-06 V                  ; 2.91 V             ; -0.119 V           ; 0.326 V                             ; 0.298 V                             ; 2.74e-10 s                 ; 2.8e-10 s                  ; No                        ; No                        ;
; oDisplay6[6] ; 2.5 V        ; 0 s                 ; 0 s                 ; 2.75 V                       ; 4.25e-06 V                   ; 2.9 V               ; -0.107 V            ; 0.378 V                              ; 0.16 V                               ; 2.87e-10 s                  ; 4.28e-10 s                  ; No                         ; No                         ; 2.75 V                      ; 4.25e-06 V                  ; 2.9 V              ; -0.107 V           ; 0.378 V                             ; 0.16 V                              ; 2.87e-10 s                 ; 4.28e-10 s                 ; No                        ; No                        ;
+--------------+--------------+---------------------+---------------------+------------------------------+------------------------------+---------------------+---------------------+--------------------------------------+--------------------------------------+-----------------------------+-----------------------------+----------------------------+----------------------------+-----------------------------+-----------------------------+--------------------+--------------------+-------------------------------------+-------------------------------------+----------------------------+----------------------------+---------------------------+---------------------------+


+-------------------------------------------------------------------------------------------------------------------------------------------------------------------------------------------------------------------------------------------------------------------------------------------------------------------------------------------------------------------------------------------------------------------------------------------------------------------------------------------------------------------------------------------------------------------------------------------------------------------------------------------------------------------------------------------+
; Signal Integrity Metrics (Fast 1100mv 85c Model)                                                                                                                                                                                                                                                                                                                                                                                                                                                                                                                                                                                                                                          ;
+--------------+--------------+---------------------+---------------------+------------------------------+------------------------------+---------------------+---------------------+--------------------------------------+--------------------------------------+-----------------------------+-----------------------------+----------------------------+----------------------------+-----------------------------+-----------------------------+--------------------+--------------------+-------------------------------------+-------------------------------------+----------------------------+----------------------------+---------------------------+---------------------------+
; Pin          ; I/O Standard ; Board Delay on Rise ; Board Delay on Fall ; Steady State Voh at FPGA Pin ; Steady State Vol at FPGA Pin ; Voh Max at FPGA Pin ; Vol Min at FPGA Pin ; Ringback Voltage on Rise at FPGA Pin ; Ringback Voltage on Fall at FPGA Pin ; 10-90 Rise Time at FPGA Pin ; 90-10 Fall Time at FPGA Pin ; Monotonic Rise at FPGA Pin ; Monotonic Fall at FPGA Pin ; Steady State Voh at Far-end ; Steady State Vol at Far-end ; Voh Max at Far-end ; Vol Min at Far-end ; Ringback Voltage on Rise at Far-end ; Ringback Voltage on Fall at Far-end ; 10-90 Rise Time at Far-end ; 90-10 Fall Time at Far-end ; Monotonic Rise at Far-end ; Monotonic Fall at Far-end ;
+--------------+--------------+---------------------+---------------------+------------------------------+------------------------------+---------------------+---------------------+--------------------------------------+--------------------------------------+-----------------------------+-----------------------------+----------------------------+----------------------------+-----------------------------+-----------------------------+--------------------+--------------------+-------------------------------------+-------------------------------------+----------------------------+----------------------------+---------------------------+---------------------------+
; oDisplay1[0] ; 2.5 V        ; 0 s                 ; 0 s                 ; 2.75 V                       ; 0.000242 V                   ; 2.86 V              ; -0.0814 V           ; 0.36 V                               ; 0.156 V                              ; 3e-10 s                     ; 4.34e-10 s                  ; No                         ; No                         ; 2.75 V                      ; 0.000242 V                  ; 2.86 V             ; -0.0814 V          ; 0.36 V                              ; 0.156 V                             ; 3e-10 s                    ; 4.34e-10 s                 ; No                        ; No                        ;
; oDisplay1[1] ; 2.5 V        ; 0 s                 ; 0 s                 ; 2.75 V                       ; 0.000242 V                   ; 2.86 V              ; -0.0805 V           ; 0.358 V                              ; 0.156 V                              ; 3.01e-10 s                  ; 4.34e-10 s                  ; No                         ; No                         ; 2.75 V                      ; 0.000242 V                  ; 2.86 V             ; -0.0805 V          ; 0.358 V                             ; 0.156 V                             ; 3.01e-10 s                 ; 4.34e-10 s                 ; No                        ; No                        ;
; oDisplay1[2] ; 2.5 V        ; 0 s                 ; 0 s                 ; 2.75 V                       ; 0.000242 V                   ; 2.86 V              ; -0.0805 V           ; 0.358 V                              ; 0.156 V                              ; 3.01e-10 s                  ; 4.34e-10 s                  ; No                         ; No                         ; 2.75 V                      ; 0.000242 V                  ; 2.86 V             ; -0.0805 V          ; 0.358 V                             ; 0.156 V                             ; 3.01e-10 s                 ; 4.34e-10 s                 ; No                        ; No                        ;
; oDisplay1[3] ; 2.5 V        ; 0 s                 ; 0 s                 ; 2.75 V                       ; 0.000242 V                   ; 2.86 V              ; -0.0805 V           ; 0.358 V                              ; 0.156 V                              ; 3.01e-10 s                  ; 4.34e-10 s                  ; No                         ; No                         ; 2.75 V                      ; 0.000242 V                  ; 2.86 V             ; -0.0805 V          ; 0.358 V                             ; 0.156 V                             ; 3.01e-10 s                 ; 4.34e-10 s                 ; No                        ; No                        ;
; oDisplay1[4] ; 2.5 V        ; 0 s                 ; 0 s                 ; 2.75 V                       ; 0.000242 V                   ; 2.86 V              ; -0.0814 V           ; 0.36 V                               ; 0.156 V                              ; 3e-10 s                     ; 4.34e-10 s                  ; No                         ; No                         ; 2.75 V                      ; 0.000242 V                  ; 2.86 V             ; -0.0814 V          ; 0.36 V                              ; 0.156 V                             ; 3e-10 s                    ; 4.34e-10 s                 ; No                        ; No                        ;
; oDisplay1[5] ; 2.5 V        ; 0 s                 ; 0 s                 ; 2.75 V                       ; 0.000242 V                   ; 2.86 V              ; -0.0814 V           ; 0.36 V                               ; 0.156 V                              ; 3e-10 s                     ; 4.34e-10 s                  ; No                         ; No                         ; 2.75 V                      ; 0.000242 V                  ; 2.86 V             ; -0.0814 V          ; 0.36 V                              ; 0.156 V                             ; 3e-10 s                    ; 4.34e-10 s                 ; No                        ; No                        ;
; oDisplay1[6] ; 2.5 V        ; 0 s                 ; 0 s                 ; 2.75 V                       ; 0.000242 V                   ; 2.86 V              ; -0.0805 V           ; 0.358 V                              ; 0.156 V                              ; 3.01e-10 s                  ; 4.34e-10 s                  ; No                         ; No                         ; 2.75 V                      ; 0.000242 V                  ; 2.86 V             ; -0.0805 V          ; 0.358 V                             ; 0.156 V                             ; 3.01e-10 s                 ; 4.34e-10 s                 ; No                        ; No                        ;
; oDisplay2[0] ; 2.5 V        ; 0 s                 ; 0 s                 ; 2.75 V                       ; 0.000242 V                   ; 2.86 V              ; -0.0805 V           ; 0.358 V                              ; 0.156 V                              ; 3.01e-10 s                  ; 4.34e-10 s                  ; No                         ; No                         ; 2.75 V                      ; 0.000242 V                  ; 2.86 V             ; -0.0805 V          ; 0.358 V                             ; 0.156 V                             ; 3.01e-10 s                 ; 4.34e-10 s                 ; No                        ; No                        ;
; oDisplay2[1] ; 2.5 V        ; 0 s                 ; 0 s                 ; 2.75 V                       ; 0.000242 V                   ; 2.86 V              ; -0.0814 V           ; 0.36 V                               ; 0.156 V                              ; 3e-10 s                     ; 4.34e-10 s                  ; No                         ; No                         ; 2.75 V                      ; 0.000242 V                  ; 2.86 V             ; -0.0814 V          ; 0.36 V                              ; 0.156 V                             ; 3e-10 s                    ; 4.34e-10 s                 ; No                        ; No                        ;
; oDisplay2[2] ; 2.5 V        ; 0 s                 ; 0 s                 ; 2.75 V                       ; 0.000242 V                   ; 2.86 V              ; -0.0814 V           ; 0.36 V                               ; 0.156 V                              ; 3e-10 s                     ; 4.34e-10 s                  ; No                         ; No                         ; 2.75 V                      ; 0.000242 V                  ; 2.86 V             ; -0.0814 V          ; 0.36 V                              ; 0.156 V                             ; 3e-10 s                    ; 4.34e-10 s                 ; No                        ; No                        ;
; oDisplay2[3] ; 2.5 V        ; 0 s                 ; 0 s                 ; 2.75 V                       ; 0.000242 V                   ; 2.86 V              ; -0.0805 V           ; 0.358 V                              ; 0.156 V                              ; 3.01e-10 s                  ; 4.34e-10 s                  ; No                         ; No                         ; 2.75 V                      ; 0.000242 V                  ; 2.86 V             ; -0.0805 V          ; 0.358 V                             ; 0.156 V                             ; 3.01e-10 s                 ; 4.34e-10 s                 ; No                        ; No                        ;
; oDisplay2[4] ; 2.5 V        ; 0 s                 ; 0 s                 ; 2.75 V                       ; 0.000242 V                   ; 2.86 V              ; -0.0805 V           ; 0.358 V                              ; 0.156 V                              ; 3.01e-10 s                  ; 4.34e-10 s                  ; No                         ; No                         ; 2.75 V                      ; 0.000242 V                  ; 2.86 V             ; -0.0805 V          ; 0.358 V                             ; 0.156 V                             ; 3.01e-10 s                 ; 4.34e-10 s                 ; No                        ; No                        ;
; oDisplay2[5] ; 2.5 V        ; 0 s                 ; 0 s                 ; 2.75 V                       ; 0.000242 V                   ; 2.86 V              ; -0.0814 V           ; 0.36 V                               ; 0.156 V                              ; 3e-10 s                     ; 4.34e-10 s                  ; No                         ; No                         ; 2.75 V                      ; 0.000242 V                  ; 2.86 V             ; -0.0814 V          ; 0.36 V                              ; 0.156 V                             ; 3e-10 s                    ; 4.34e-10 s                 ; No                        ; No                        ;
; oDisplay2[6] ; 2.5 V        ; 0 s                 ; 0 s                 ; 2.75 V                       ; 0.000242 V                   ; 2.86 V              ; -0.0814 V           ; 0.36 V                               ; 0.156 V                              ; 3e-10 s                     ; 4.34e-10 s                  ; No                         ; No                         ; 2.75 V                      ; 0.000242 V                  ; 2.86 V             ; -0.0814 V          ; 0.36 V                              ; 0.156 V                             ; 3e-10 s                    ; 4.34e-10 s                 ; No                        ; No                        ;
; oDisplay3[0] ; 2.5 V        ; 0 s                 ; 0 s                 ; 2.75 V                       ; 0.000247 V                   ; 2.85 V              ; -0.0711 V           ; 0.204 V                              ; 0.181 V                              ; 4.55e-10 s                  ; 4.49e-10 s                  ; No                         ; No                         ; 2.75 V                      ; 0.000247 V                  ; 2.85 V             ; -0.0711 V          ; 0.204 V                             ; 0.181 V                             ; 4.55e-10 s                 ; 4.49e-10 s                 ; No                        ; No                        ;
; oDisplay3[1] ; 2.5 V        ; 0 s                 ; 0 s                 ; 2.75 V                       ; 0.000242 V                   ; 2.86 V              ; -0.0814 V           ; 0.36 V                               ; 0.156 V                              ; 3e-10 s                     ; 4.34e-10 s                  ; No                         ; No                         ; 2.75 V                      ; 0.000242 V                  ; 2.86 V             ; -0.0814 V          ; 0.36 V                              ; 0.156 V                             ; 3e-10 s                    ; 4.34e-10 s                 ; No                        ; No                        ;
; oDisplay3[2] ; 2.5 V        ; 0 s                 ; 0 s                 ; 2.75 V                       ; 0.000242 V                   ; 2.86 V              ; -0.0814 V           ; 0.36 V                               ; 0.156 V                              ; 3e-10 s                     ; 4.34e-10 s                  ; No                         ; No                         ; 2.75 V                      ; 0.000242 V                  ; 2.86 V             ; -0.0814 V          ; 0.36 V                              ; 0.156 V                             ; 3e-10 s                    ; 4.34e-10 s                 ; No                        ; No                        ;
; oDisplay3[3] ; 2.5 V        ; 0 s                 ; 0 s                 ; 2.75 V                       ; 0.000213 V                   ; 2.79 V              ; -0.0324 V           ; 0.139 V                              ; 0.119 V                              ; 4.42e-10 s                  ; 4.33e-10 s                  ; No                         ; Yes                        ; 2.75 V                      ; 0.000213 V                  ; 2.79 V             ; -0.0324 V          ; 0.139 V                             ; 0.119 V                             ; 4.42e-10 s                 ; 4.33e-10 s                 ; No                        ; Yes                       ;
; oDisplay3[4] ; 2.5 V        ; 0 s                 ; 0 s                 ; 2.75 V                       ; 0.000213 V                   ; 2.79 V              ; -0.0324 V           ; 0.139 V                              ; 0.119 V                              ; 4.42e-10 s                  ; 4.33e-10 s                  ; No                         ; Yes                        ; 2.75 V                      ; 0.000213 V                  ; 2.79 V             ; -0.0324 V          ; 0.139 V                             ; 0.119 V                             ; 4.42e-10 s                 ; 4.33e-10 s                 ; No                        ; Yes                       ;
; oDisplay3[5] ; 2.5 V        ; 0 s                 ; 0 s                 ; 2.75 V                       ; 0.000242 V                   ; 2.86 V              ; -0.0814 V           ; 0.36 V                               ; 0.156 V                              ; 3e-10 s                     ; 4.34e-10 s                  ; No                         ; No                         ; 2.75 V                      ; 0.000242 V                  ; 2.86 V             ; -0.0814 V          ; 0.36 V                              ; 0.156 V                             ; 3e-10 s                    ; 4.34e-10 s                 ; No                        ; No                        ;
; oDisplay3[6] ; 2.5 V        ; 0 s                 ; 0 s                 ; 2.75 V                       ; 0.000242 V                   ; 2.86 V              ; -0.0805 V           ; 0.358 V                              ; 0.156 V                              ; 3.01e-10 s                  ; 4.34e-10 s                  ; No                         ; No                         ; 2.75 V                      ; 0.000242 V                  ; 2.86 V             ; -0.0805 V          ; 0.358 V                             ; 0.156 V                             ; 3.01e-10 s                 ; 4.34e-10 s                 ; No                        ; No                        ;
; oDisplay4[0] ; 2.5 V        ; 0 s                 ; 0 s                 ; 2.75 V                       ; 0.000213 V                   ; 2.79 V              ; -0.0324 V           ; 0.139 V                              ; 0.119 V                              ; 4.42e-10 s                  ; 4.33e-10 s                  ; No                         ; Yes                        ; 2.75 V                      ; 0.000213 V                  ; 2.79 V             ; -0.0324 V          ; 0.139 V                             ; 0.119 V                             ; 4.42e-10 s                 ; 4.33e-10 s                 ; No                        ; Yes                       ;
; oDisplay4[1] ; 2.5 V        ; 0 s                 ; 0 s                 ; 2.75 V                       ; 0.000247 V                   ; 2.85 V              ; -0.0711 V           ; 0.204 V                              ; 0.181 V                              ; 4.55e-10 s                  ; 4.49e-10 s                  ; No                         ; No                         ; 2.75 V                      ; 0.000247 V                  ; 2.85 V             ; -0.0711 V          ; 0.204 V                             ; 0.181 V                             ; 4.55e-10 s                 ; 4.49e-10 s                 ; No                        ; No                        ;
; oDisplay4[2] ; 2.5 V        ; 0 s                 ; 0 s                 ; 2.75 V                       ; 0.000247 V                   ; 2.85 V              ; -0.0711 V           ; 0.204 V                              ; 0.181 V                              ; 4.55e-10 s                  ; 4.49e-10 s                  ; No                         ; No                         ; 2.75 V                      ; 0.000247 V                  ; 2.85 V             ; -0.0711 V          ; 0.204 V                             ; 0.181 V                             ; 4.55e-10 s                 ; 4.49e-10 s                 ; No                        ; No                        ;
; oDisplay4[3] ; 2.5 V        ; 0 s                 ; 0 s                 ; 2.75 V                       ; 0.000213 V                   ; 2.79 V              ; -0.0324 V           ; 0.139 V                              ; 0.119 V                              ; 4.42e-10 s                  ; 4.33e-10 s                  ; No                         ; Yes                        ; 2.75 V                      ; 0.000213 V                  ; 2.79 V             ; -0.0324 V          ; 0.139 V                             ; 0.119 V                             ; 4.42e-10 s                 ; 4.33e-10 s                 ; No                        ; Yes                       ;
; oDisplay4[4] ; 2.5 V        ; 0 s                 ; 0 s                 ; 2.75 V                       ; 0.000247 V                   ; 2.85 V              ; -0.0711 V           ; 0.204 V                              ; 0.181 V                              ; 4.55e-10 s                  ; 4.49e-10 s                  ; No                         ; No                         ; 2.75 V                      ; 0.000247 V                  ; 2.85 V             ; -0.0711 V          ; 0.204 V                             ; 0.181 V                             ; 4.55e-10 s                 ; 4.49e-10 s                 ; No                        ; No                        ;
; oDisplay4[5] ; 2.5 V        ; 0 s                 ; 0 s                 ; 2.75 V                       ; 0.000247 V                   ; 2.85 V              ; -0.0711 V           ; 0.204 V                              ; 0.181 V                              ; 4.55e-10 s                  ; 4.49e-10 s                  ; No                         ; No                         ; 2.75 V                      ; 0.000247 V                  ; 2.85 V             ; -0.0711 V          ; 0.204 V                             ; 0.181 V                             ; 4.55e-10 s                 ; 4.49e-10 s                 ; No                        ; No                        ;
; oDisplay4[6] ; 2.5 V        ; 0 s                 ; 0 s                 ; 2.75 V                       ; 0.000213 V                   ; 2.79 V              ; -0.0324 V           ; 0.139 V                              ; 0.119 V                              ; 4.42e-10 s                  ; 4.33e-10 s                  ; No                         ; Yes                        ; 2.75 V                      ; 0.000213 V                  ; 2.79 V             ; -0.0324 V          ; 0.139 V                             ; 0.119 V                             ; 4.42e-10 s                 ; 4.33e-10 s                 ; No                        ; Yes                       ;
; oDisplay5[0] ; 2.5 V        ; 0 s                 ; 0 s                 ; 2.75 V                       ; 0.000242 V                   ; 2.86 V              ; -0.0805 V           ; 0.358 V                              ; 0.156 V                              ; 3.01e-10 s                  ; 4.34e-10 s                  ; No                         ; No                         ; 2.75 V                      ; 0.000242 V                  ; 2.86 V             ; -0.0805 V          ; 0.358 V                             ; 0.156 V                             ; 3.01e-10 s                 ; 4.34e-10 s                 ; No                        ; No                        ;
; oDisplay5[1] ; 2.5 V        ; 0 s                 ; 0 s                 ; 2.75 V                       ; 0.000213 V                   ; 2.79 V              ; -0.0324 V           ; 0.139 V                              ; 0.119 V                              ; 4.42e-10 s                  ; 4.33e-10 s                  ; No                         ; Yes                        ; 2.75 V                      ; 0.000213 V                  ; 2.79 V             ; -0.0324 V          ; 0.139 V                             ; 0.119 V                             ; 4.42e-10 s                 ; 4.33e-10 s                 ; No                        ; Yes                       ;
; oDisplay5[2] ; 2.5 V        ; 0 s                 ; 0 s                 ; 2.75 V                       ; 0.000213 V                   ; 2.79 V              ; -0.0324 V           ; 0.139 V                              ; 0.119 V                              ; 4.42e-10 s                  ; 4.33e-10 s                  ; No                         ; Yes                        ; 2.75 V                      ; 0.000213 V                  ; 2.79 V             ; -0.0324 V          ; 0.139 V                             ; 0.119 V                             ; 4.42e-10 s                 ; 4.33e-10 s                 ; No                        ; Yes                       ;
; oDisplay5[3] ; 2.5 V        ; 0 s                 ; 0 s                 ; 2.75 V                       ; 0.000213 V                   ; 2.79 V              ; -0.0324 V           ; 0.139 V                              ; 0.119 V                              ; 4.42e-10 s                  ; 4.33e-10 s                  ; No                         ; Yes                        ; 2.75 V                      ; 0.000213 V                  ; 2.79 V             ; -0.0324 V          ; 0.139 V                             ; 0.119 V                             ; 4.42e-10 s                 ; 4.33e-10 s                 ; No                        ; Yes                       ;
; oDisplay5[4] ; 2.5 V        ; 0 s                 ; 0 s                 ; 2.75 V                       ; 0.000247 V                   ; 2.85 V              ; -0.0711 V           ; 0.204 V                              ; 0.181 V                              ; 4.55e-10 s                  ; 4.49e-10 s                  ; No                         ; No                         ; 2.75 V                      ; 0.000247 V                  ; 2.85 V             ; -0.0711 V          ; 0.204 V                             ; 0.181 V                             ; 4.55e-10 s                 ; 4.49e-10 s                 ; No                        ; No                        ;
; oDisplay5[5] ; 2.5 V        ; 0 s                 ; 0 s                 ; 2.75 V                       ; 0.000247 V                   ; 2.85 V              ; -0.0711 V           ; 0.204 V                              ; 0.181 V                              ; 4.55e-10 s                  ; 4.49e-10 s                  ; No                         ; No                         ; 2.75 V                      ; 0.000247 V                  ; 2.85 V             ; -0.0711 V          ; 0.204 V                             ; 0.181 V                             ; 4.55e-10 s                 ; 4.49e-10 s                 ; No                        ; No                        ;
; oDisplay5[6] ; 2.5 V        ; 0 s                 ; 0 s                 ; 2.75 V                       ; 0.000213 V                   ; 2.79 V              ; -0.0324 V           ; 0.139 V                              ; 0.119 V                              ; 4.42e-10 s                  ; 4.33e-10 s                  ; No                         ; Yes                        ; 2.75 V                      ; 0.000213 V                  ; 2.79 V             ; -0.0324 V          ; 0.139 V                             ; 0.119 V                             ; 4.42e-10 s                 ; 4.33e-10 s                 ; No                        ; Yes                       ;
; oDisplay6[0] ; 2.5 V        ; 0 s                 ; 0 s                 ; 2.75 V                       ; 0.000247 V                   ; 2.85 V              ; -0.0711 V           ; 0.204 V                              ; 0.181 V                              ; 4.55e-10 s                  ; 4.49e-10 s                  ; No                         ; No                         ; 2.75 V                      ; 0.000247 V                  ; 2.85 V             ; -0.0711 V          ; 0.204 V                             ; 0.181 V                             ; 4.55e-10 s                 ; 4.49e-10 s                 ; No                        ; No                        ;
; oDisplay6[1] ; 2.5 V        ; 0 s                 ; 0 s                 ; 2.75 V                       ; 0.000213 V                   ; 2.79 V              ; -0.0324 V           ; 0.139 V                              ; 0.119 V                              ; 4.42e-10 s                  ; 4.33e-10 s                  ; No                         ; Yes                        ; 2.75 V                      ; 0.000213 V                  ; 2.79 V             ; -0.0324 V          ; 0.139 V                             ; 0.119 V                             ; 4.42e-10 s                 ; 4.33e-10 s                 ; No                        ; Yes                       ;
; oDisplay6[2] ; 2.5 V        ; 0 s                 ; 0 s                 ; 2.75 V                       ; 0.000213 V                   ; 2.79 V              ; -0.0324 V           ; 0.139 V                              ; 0.119 V                              ; 4.42e-10 s                  ; 4.33e-10 s                  ; No                         ; Yes                        ; 2.75 V                      ; 0.000213 V                  ; 2.79 V             ; -0.0324 V          ; 0.139 V                             ; 0.119 V                             ; 4.42e-10 s                 ; 4.33e-10 s                 ; No                        ; Yes                       ;
; oDisplay6[3] ; 2.5 V        ; 0 s                 ; 0 s                 ; 2.75 V                       ; 0.000213 V                   ; 2.79 V              ; -0.0324 V           ; 0.139 V                              ; 0.119 V                              ; 4.42e-10 s                  ; 4.33e-10 s                  ; No                         ; Yes                        ; 2.75 V                      ; 0.000213 V                  ; 2.79 V             ; -0.0324 V          ; 0.139 V                             ; 0.119 V                             ; 4.42e-10 s                 ; 4.33e-10 s                 ; No                        ; Yes                       ;
; oDisplay6[4] ; 2.5 V        ; 0 s                 ; 0 s                 ; 2.75 V                       ; 0.000242 V                   ; 2.86 V              ; -0.0814 V           ; 0.36 V                               ; 0.156 V                              ; 3e-10 s                     ; 4.34e-10 s                  ; No                         ; No                         ; 2.75 V                      ; 0.000242 V                  ; 2.86 V             ; -0.0814 V          ; 0.36 V                              ; 0.156 V                             ; 3e-10 s                    ; 4.34e-10 s                 ; No                        ; No                        ;
; oDisplay6[5] ; 2.5 V        ; 0 s                 ; 0 s                 ; 2.75 V                       ; 0.000242 V                   ; 2.86 V              ; -0.0805 V           ; 0.358 V                              ; 0.156 V                              ; 3.01e-10 s                  ; 4.34e-10 s                  ; No                         ; No                         ; 2.75 V                      ; 0.000242 V                  ; 2.86 V             ; -0.0805 V          ; 0.358 V                             ; 0.156 V                             ; 3.01e-10 s                 ; 4.34e-10 s                 ; No                        ; No                        ;
; oDisplay6[6] ; 2.5 V        ; 0 s                 ; 0 s                 ; 2.75 V                       ; 0.000247 V                   ; 2.85 V              ; -0.0711 V           ; 0.204 V                              ; 0.181 V                              ; 4.55e-10 s                  ; 4.49e-10 s                  ; No                         ; No                         ; 2.75 V                      ; 0.000247 V                  ; 2.85 V             ; -0.0711 V          ; 0.204 V                             ; 0.181 V                             ; 4.55e-10 s                 ; 4.49e-10 s                 ; No                        ; No                        ;
+--------------+--------------+---------------------+---------------------+------------------------------+------------------------------+---------------------+---------------------+--------------------------------------+--------------------------------------+-----------------------------+-----------------------------+----------------------------+----------------------------+-----------------------------+-----------------------------+--------------------+--------------------+-------------------------------------+-------------------------------------+----------------------------+----------------------------+---------------------------+---------------------------+


-------------------
; Clock Transfers ;
-------------------
Nothing to report.


---------------
; Report TCCS ;
---------------
No dedicated SERDES Transmitter circuitry present in device or used in design


---------------
; Report RSKM ;
---------------
No non-DPA dedicated SERDES Receiver circuitry present in device or used in design


+------------------------------------------------+
; Unconstrained Paths                            ;
+---------------------------------+-------+------+
; Property                        ; Setup ; Hold ;
+---------------------------------+-------+------+
; Illegal Clocks                  ; 0     ; 0    ;
; Unconstrained Clocks            ; 0     ; 0    ;
; Unconstrained Input Ports       ; 3     ; 3    ;
; Unconstrained Input Port Paths  ; 72    ; 72   ;
; Unconstrained Output Ports      ; 24    ; 24   ;
; Unconstrained Output Port Paths ; 72    ; 72   ;
+---------------------------------+-------+------+


+------------------------------------+
; TimeQuest Timing Analyzer Messages ;
+------------------------------------+
Info: *******************************************************************
Info: Running Quartus II 64-Bit TimeQuest Timing Analyzer
    Info: Version 13.1.0 Build 162 10/23/2013 SJ Web Edition
    Info: Processing started: Fri Sep 25 12:54:13 2026
Info: Command: quartus_sta Ejercicio11 -c Ejercicio11
Info: qsta_default_script.tcl version: #1
Warning (20028): Parallel compilation is not licensed and has been disabled
Info (21077): Low junction temperature is 0 degrees C
Info (21077): High junction temperature is 85 degrees C
Critical Warning (332012): Synopsys Design Constraints File file not found: 'Ejercicio11.sdc'. A Synopsys Design Constraints File is required by the TimeQuest Timing Analyzer to get proper timing constraints. Without it, the Compiler will not properly optimize the design.
Info (332142): No user constrained base clocks found in the design. Calling "derive_clocks -period 1.0"
Info (332096): The command derive_clocks did not find any clocks to derive.  No clocks were created or changed.
Warning (332068): No clocks defined in design.
Info (332143): No user constrained clock uncertainty found in the design. Calling "derive_clock_uncertainty"
Info (332154): The derive_clock_uncertainty command did not apply clock uncertainty to any clock-to-clock transfers.
Info: Found TIMEQUEST_REPORT_SCRIPT_INCLUDE_DEFAULT_ANALYSIS = ON
Info (332159): No clocks to report
Info: Analyzing Slow 1100mV 85C Model
Info (332140): No fmax paths to report
Info (332140): No Setup paths to report
Info (332140): No Hold paths to report
Info (332140): No Recovery paths to report
Info (332140): No Removal paths to report
Info (332140): No Minimum Pulse Width paths to report
Info: Analyzing Slow 1100mV 0C Model
Info (334003): Started post-fitting delay annotation
Info (334004): Delay annotation completed successfully
Info (332142): No user constrained base clocks found in the design. Calling "derive_clocks -period 1.0"
Info (332096): The command derive_clocks did not find any clocks to derive.  No clocks were created or changed.
Warning (332068): No clocks defined in design.
Info (332154): The derive_clock_uncertainty command did not apply clock uncertainty to any clock-to-clock transfers.
Info (332140): No fmax paths to report
Info (332140): No Setup paths to report
Info (332140): No Hold paths to report
Info (332140): No Recovery paths to report
Info (332140): No Removal paths to report
Info (332140): No Minimum Pulse Width paths to report
Info: Analyzing Fast 1100mV 85C Model
Info (334003): Started post-fitting delay annotation
Info (334004): Delay annotation completed successfully
Info (332142): No user constrained base clocks found in the design. Calling "derive_clocks -period 1.0"
Info (332096): The command derive_clocks did not find any clocks to derive.  No clocks were created or changed.
Warning (332068): No clocks defined in design.
Info (332154): The derive_clock_uncertainty command did not apply clock uncertainty to any clock-to-clock transfers.
Info (332140): No Setup paths to report
Info (332140): No Hold paths to report
Info (332140): No Recovery paths to report
Info (332140): No Removal paths to report
Info (332140): No Minimum Pulse Width paths to report
Info: Analyzing Fast 1100mV 0C Model
Info (332142): No user constrained base clocks found in the design. Calling "derive_clocks -period 1.0"
Info (332096): The command derive_clocks did not find any clocks to derive.  No clocks were created or changed.
Warning (332068): No clocks defined in design.
Info (332154): The derive_clock_uncertainty command did not apply clock uncertainty to any clock-to-clock transfers.
Info (332140): No Setup paths to report
Info (332140): No Hold paths to report
Info (332140): No Recovery paths to report
Info (332140): No Removal paths to report
Info (332140): No Minimum Pulse Width paths to report
Info (332102): Design is not fully constrained for setup requirements
Info (332102): Design is not fully constrained for hold requirements
Info: Quartus II 64-Bit TimeQuest Timing Analyzer was successful. 0 errors, 6 warnings
    Info: Peak virtual memory: 4875 megabytes
    Info: Processing ended: Fri Sep 25 12:54:19 2026
    Info: Elapsed time: 00:00:06
    Info: Total CPU time (on all processors): 00:00:06


